組付番号,存在フラグ,部品1,部品2,組立部品,部品1の構成部品,,,,,,,,,,,,,,部品2の構成部品,,,,,,,,,,,,,,組立部品の構成部品,,,,,,,,,,,,,,1,2,3,4,5,6,7,8,9,10,11,12,13,14,15,16,17,18
1,1,1,59,42,1,0,0,0,0,0,0,0,0,0,0,0,0,0,0,2,3,4,5,6,7,8,0,0,11,0,13,14,1,2,3,4,5,6,7,8,0,0,11,0,13,14,1,0,0,0,0,0,0,0,0,0,0,0,0,0,0,0,0,0
2,1,1,166,139,1,0,0,0,0,0,0,0,0,0,0,0,0,0,0,2,0,0,5,6,0,0,0,0,11,0,13,14,1,2,0,0,5,6,0,0,0,0,11,0,13,14,1,0,0,0,0,0,0,0,0,0,0,0,0,0,0,0,0,0
3,1,1,163,138,1,0,0,0,0,0,0,0,0,0,0,0,0,0,0,2,0,0,5,0,0,0,9,0,11,0,13,14,1,2,0,0,5,0,0,0,9,0,11,0,13,14,1,0,0,0,0,0,0,0,0,0,0,0,0,0,0,0,0,0
4,1,1,182,172,1,0,0,0,0,0,0,0,0,0,0,0,0,0,0,2,0,0,5,0,0,0,0,0,11,0,13,14,1,2,0,0,5,0,0,0,0,0,11,0,13,14,1,0,0,0,0,0,0,0,0,0,0,0,0,0,0,0,0,0
5,1,1,51,32,1,0,0,0,0,0,0,0,0,0,0,0,0,0,0,2,3,4,5,0,7,8,0,0,11,12,13,14,1,2,3,4,5,0,7,8,0,0,11,12,13,14,1,0,0,0,0,0,0,0,0,0,0,0,0,0,0,0,0,0
6,1,1,58,41,1,0,0,0,0,0,0,0,0,0,0,0,0,0,0,2,3,4,5,0,7,8,9,0,11,0,13,14,1,2,3,4,5,0,7,8,9,0,11,0,13,14,1,0,0,0,0,0,0,0,0,0,0,0,0,0,0,0,0,0
7,1,1,161,140,1,0,0,0,0,0,0,0,0,0,0,0,0,0,0,2,0,0,5,0,0,0,0,0,11,12,13,14,1,2,0,0,5,0,0,0,0,0,11,12,13,14,1,0,0,0,0,0,0,0,0,0,0,0,0,0,0,0,0,0
8,1,1,133,102,1,0,0,0,0,0,0,0,0,0,0,0,0,0,0,2,0,0,5,0,0,0,9,0,11,12,13,14,1,2,0,0,5,0,0,0,9,0,11,12,13,14,1,0,0,0,0,0,0,0,0,0,0,0,0,0,0,0,0,0
9,1,1,215,199,1,0,0,0,0,0,0,0,0,0,0,0,0,0,0,2,0,0,5,0,0,0,0,0,11,0,13,0,1,2,0,0,5,0,0,0,0,0,11,0,13,0,1,0,0,0,0,0,0,0,0,0,0,0,0,0,0,0,0,0
10,1,1,101,73,1,0,0,0,0,0,0,0,0,0,0,0,0,0,0,2,0,0,5,6,0,0,9,0,11,12,13,14,1,2,0,0,5,6,0,0,9,0,11,12,13,14,1,0,0,0,0,0,0,0,0,0,0,0,0,0,0,0,0,0
11,1,1,72,54,1,0,0,0,0,0,0,0,0,0,0,0,0,0,0,2,3,4,5,0,7,8,0,0,11,0,13,14,1,2,3,4,5,0,7,8,0,0,11,0,13,14,1,0,0,0,0,0,0,0,0,0,0,0,0,0,0,0,0,0
12,1,1,136,107,1,0,0,0,0,0,0,0,0,0,0,0,0,0,0,2,0,0,5,6,0,0,9,0,11,0,13,14,1,2,0,0,5,6,0,0,9,0,11,0,13,14,1,0,0,0,0,0,0,0,0,0,0,0,0,0,0,0,0,0
13,1,1,137,106,1,0,0,0,0,0,0,0,0,0,0,0,0,0,0,2,0,0,5,6,0,0,0,0,11,12,13,14,1,2,0,0,5,6,0,0,0,0,11,12,13,14,1,0,0,0,0,0,0,0,0,0,0,0,0,0,0,0,0,0
14,1,1,30,25,1,0,0,0,0,0,0,0,0,0,0,0,0,0,0,2,3,4,5,0,7,8,9,0,11,12,13,14,1,2,3,4,5,0,7,8,9,0,11,12,13,14,1,0,0,0,0,0,0,0,0,0,0,0,0,0,0,0,0,0
15,1,1,34,23,1,0,0,0,0,0,0,0,0,0,0,0,0,0,0,2,3,4,5,6,7,8,0,0,11,12,13,14,1,2,3,4,5,6,7,8,0,0,11,12,13,14,1,0,0,0,0,0,0,0,0,0,0,0,0,0,0,0,0,0
16,1,1,36,28,1,0,0,0,0,0,0,0,0,0,0,0,0,0,0,2,3,4,5,6,7,8,9,0,11,0,13,14,1,2,3,4,5,6,7,8,9,0,11,0,13,14,1,0,0,0,0,0,0,0,0,0,0,0,0,0,0,0,0,0
17,1,1,20,17,1,0,0,0,0,0,0,0,0,0,0,0,0,0,0,2,3,4,5,6,7,8,0,10,11,12,13,14,1,2,3,4,5,6,7,8,0,10,11,12,13,14,1,0,0,0,0,0,0,0,0,0,0,0,0,0,0,0,0,0
18,1,1,16,15,1,0,0,0,0,0,0,0,0,0,0,0,0,0,0,2,3,4,5,6,7,8,9,10,11,12,13,14,1,2,3,4,5,6,7,8,9,10,11,12,13,14,1,0,0,0,0,0,0,0,0,0,0,0,0,0,0,0,0,0
19,1,1,35,26,1,0,0,0,0,0,0,0,0,0,0,0,0,0,0,2,3,4,5,6,7,8,0,10,11,0,13,14,1,2,3,4,5,6,7,8,0,10,11,0,13,14,1,0,0,0,0,0,0,0,0,0,0,0,0,0,0,0,0,0
20,1,1,13,234,1,0,0,0,0,0,0,0,0,0,0,0,0,0,0,0,0,0,0,0,0,0,0,0,0,0,13,0,1,0,0,0,0,0,0,0,0,0,0,0,13,0,1,0,0,0,0,0,0,0,0,0,0,0,0,0,0,0,0,0
21,1,1,21,18,1,0,0,0,0,0,0,0,0,0,0,0,0,0,0,2,3,4,5,6,7,8,9,0,11,12,13,14,1,2,3,4,5,6,7,8,9,0,11,12,13,14,1,0,0,0,0,0,0,0,0,0,0,0,0,0,0,0,0,0
22,1,1,27,19,1,0,0,0,0,0,0,0,0,0,0,0,0,0,0,2,3,4,5,6,7,8,9,10,11,0,13,14,1,2,3,4,5,6,7,8,9,10,11,0,13,14,1,0,0,0,0,0,0,0,0,0,0,0,0,0,0,0,0,0
23,1,2,90,68,0,2,0,0,0,0,0,0,0,0,0,0,0,0,0,0,3,4,5,6,7,8,0,0,11,12,0,14,0,2,3,4,5,6,7,8,0,0,11,12,0,14,0,1,0,1,0,0,0,0,0,0,0,0,0,0,0,0,0,0
24,1,2,188,174,0,2,0,0,0,0,0,0,0,0,0,0,0,0,0,0,0,0,5,6,0,0,0,0,11,12,0,14,0,2,0,0,5,6,0,0,0,0,11,12,0,14,0,1,0,1,0,0,0,0,0,0,0,0,0,0,0,0,0,0
25,1,2,91,67,0,2,0,0,0,0,0,0,0,0,0,0,0,0,0,0,3,4,5,6,7,8,9,0,11,0,0,14,0,2,3,4,5,6,7,8,9,0,11,0,0,14,0,1,0,1,0,0,0,0,0,0,0,0,0,0,0,0,0,0
26,1,2,123,80,0,2,0,0,0,0,0,0,0,0,0,0,0,0,0,0,3,4,5,0,7,8,0,0,11,12,0,14,0,2,3,4,5,0,7,8,0,0,11,12,0,14,0,1,0,1,0,0,0,0,0,0,0,0,0,0,0,0,0,0
27,1,2,124,99,0,2,0,0,0,0,0,0,0,0,0,0,0,0,0,0,3,4,5,0,7,8,9,0,11,0,0,14,0,2,3,4,5,0,7,8,9,0,11,0,0,14,0,1,0,1,0,0,0,0,0,0,0,0,0,0,0,0,0,0
28,1,2,130,98,0,2,0,0,0,0,0,0,0,0,0,0,0,0,0,0,3,4,5,6,7,8,0,0,11,0,0,14,0,2,3,4,5,6,7,8,0,0,11,0,0,14,0,1,0,1,0,0,0,0,0,0,0,0,0,0,0,0,0,0
29,1,2,201,184,0,2,0,0,0,0,0,0,0,0,0,0,0,0,0,0,0,0,5,0,0,0,0,0,11,12,0,14,0,2,0,0,5,0,0,0,0,0,11,12,0,14,0,1,0,1,0,0,0,0,0,0,0,0,0,0,0,0,0,0
30,1,2,153,131,0,2,0,0,0,0,0,0,0,0,0,0,0,0,0,0,3,4,5,0,7,8,0,0,11,0,0,14,0,2,3,4,5,0,7,8,0,0,11,0,0,14,0,1,0,1,0,0,0,0,0,0,0,0,0,0,0,0,0,0
31,1,2,213,194,0,2,0,0,0,0,0,0,0,0,0,0,0,0,0,0,0,0,5,6,0,0,0,0,11,0,0,14,0,2,0,0,5,6,0,0,0,0,11,0,0,14,0,1,0,1,0,0,0,0,0,0,0,0,0,0,0,0,0,0
32,1,2,212,192,0,2,0,0,0,0,0,0,0,0,0,0,0,0,0,0,0,0,5,0,0,0,9,0,11,0,0,14,0,2,0,0,5,0,0,0,9,0,11,0,0,14,0,1,0,1,0,0,0,0,0,0,0,0,0,0,0,0,0,0
33,1,2,66,43,0,2,0,0,0,0,0,0,0,0,0,0,0,0,0,0,3,4,5,6,7,8,0,10,11,12,0,14,0,2,3,4,5,6,7,8,0,10,11,12,0,14,0,1,0,1,0,0,0,0,0,0,0,0,0,0,0,0,0,0
34,1,2,187,173,0,2,0,0,0,0,0,0,0,0,0,0,0,0,0,0,0,0,5,0,0,0,9,0,11,12,0,14,0,2,0,0,5,0,0,0,9,0,11,12,0,14,0,1,0,1,0,0,0,0,0,0,0,0,0,0,0,0,0,0
35,1,2,233,227,0,2,0,0,0,0,0,0,0,0,0,0,0,0,0,0,0,0,5,0,0,0,0,0,11,0,0,0,0,2,0,0,5,0,0,0,0,0,11,0,0,0,0,1,0,0,0,0,0,0,0,0,0,0,0,0,0,0,0,0
36,1,2,56,40,0,2,0,0,0,0,0,0,0,0,0,0,0,0,0,0,3,4,5,6,7,8,9,0,11,12,0,14,0,2,3,4,5,6,7,8,9,0,11,12,0,14,0,1,0,1,0,0,0,0,0,0,0,0,0,0,0,0,0,0
37,1,2,61,44,0,2,0,0,0,0,0,0,0,0,0,0,0,0,0,0,3,4,5,6,7,8,9,10,11,0,0,14,0,2,3,4,5,6,7,8,9,10,11,0,0,14,0,1,0,1,0,0,0,0,0,0,0,0,0,0,0,0,0,0
38,1,2,223,206,0,2,0,0,0,0,0,0,0,0,0,0,0,0,0,0,0,0,5,0,0,0,0,0,11,0,0,14,0,2,0,0,5,0,0,0,0,0,11,0,0,14,0,1,0,1,0,0,0,0,0,0,0,0,0,0,0,0,0,0
39,1,2,191,165,0,2,0,0,0,0,0,0,0,0,0,0,0,0,0,0,0,0,5,6,0,0,9,0,11,0,0,14,0,2,0,0,5,6,0,0,9,0,11,0,0,14,0,1,0,1,0,0,0,0,0,0,0,0,0,0,0,0,0,0
40,1,2,84,64,0,2,0,0,0,0,0,0,0,0,0,0,0,0,0,0,3,4,5,6,7,8,0,10,11,0,0,14,0,2,3,4,5,6,7,8,0,10,11,0,0,14,0,1,0,1,0,0,0,0,0,0,0,0,0,0,0,0,0,0
41,1,2,95,65,0,2,0,0,0,0,0,0,0,0,0,0,0,0,0,0,3,4,5,0,7,8,9,0,11,12,0,14,0,2,3,4,5,0,7,8,9,0,11,12,0,14,0,1,0,1,0,0,0,0,0,0,0,0,0,0,0,0,0,0
42,1,2,171,143,0,2,0,0,0,0,0,0,0,0,0,0,0,0,0,0,0,0,5,6,0,0,9,0,11,12,0,14,0,2,0,0,5,6,0,0,9,0,11,12,0,14,0,1,0,1,0,0,0,0,0,0,0,0,0,0,0,0,0,0
43,1,2,39,24,0,2,0,0,0,0,0,0,0,0,0,0,0,0,0,0,3,4,5,6,7,8,9,10,11,12,0,14,0,2,3,4,5,6,7,8,9,10,11,12,0,14,0,1,0,1,0,0,0,0,0,0,0,0,0,0,0,0,0,0
44,1,3,196,180,0,0,3,0,0,0,0,0,0,0,0,0,0,0,0,0,0,0,0,6,7,8,9,0,0,0,0,14,0,0,3,0,0,6,7,8,9,0,0,0,0,14,0,0,0,0,0,1,0,0,0,0,0,0,0,0,0,0,0,0
45,1,3,144,122,0,0,3,0,0,0,0,0,0,0,0,0,0,0,0,2,0,0,5,0,7,8,0,0,11,12,0,14,0,2,3,0,5,0,7,8,0,0,11,12,0,14,0,0,0,0,0,1,0,0,0,0,0,0,0,0,0,0,0,0
46,1,3,186,167,0,0,3,0,0,0,0,0,0,0,0,0,0,0,0,0,0,0,0,0,7,8,9,0,0,12,0,14,0,0,3,0,0,0,7,8,9,0,0,12,0,14,0,0,0,0,0,1,0,0,0,0,0,0,0,0,0,0,0,0
47,1,3,168,148,0,0,3,0,0,0,0,0,0,0,0,0,0,0,0,0,0,0,0,6,7,8,9,0,0,12,0,14,0,0,3,0,0,6,7,8,9,0,0,12,0,14,0,0,0,0,0,1,0,0,0,0,0,0,0,0,0,0,0,0
48,1,3,170,158,0,0,3,0,0,0,0,0,0,0,0,0,0,0,0,2,0,0,5,0,7,8,0,0,11,0,0,14,0,2,3,0,5,0,7,8,0,0,11,0,0,14,0,0,0,0,0,1,0,0,0,0,0,0,0,0,0,0,0,0
49,1,3,189,169,0,0,3,0,0,0,0,0,0,0,0,0,0,0,0,0,0,0,0,6,7,8,0,0,0,12,0,14,0,0,3,0,0,6,7,8,0,0,0,12,0,14,0,0,0,0,0,1,0,0,0,0,0,0,0,0,0,0,0,0
50,1,3,154,115,0,0,3,0,0,0,0,0,0,0,0,0,0,0,0,2,0,0,5,0,7,8,9,0,11,0,0,14,0,2,3,0,5,0,7,8,9,0,11,0,0,14,0,0,0,0,0,1,0,0,0,0,0,0,0,0,0,0,0,0
51,1,3,159,128,0,0,3,0,0,0,0,0,0,0,0,0,0,0,0,2,0,0,5,6,7,8,0,0,11,0,0,14,0,2,3,0,5,6,7,8,0,0,11,0,0,14,0,0,0,0,0,1,0,0,0,0,0,0,0,0,0,0,0,0
52,1,3,78,52,0,0,3,0,0,0,0,0,0,0,0,0,0,0,0,2,0,0,5,6,7,8,0,0,11,12,13,14,0,2,3,0,5,6,7,8,0,0,11,12,13,14,0,0,0,0,0,1,0,0,0,0,0,0,0,0,0,0,0,0
53,1,3,69,47,0,0,3,0,0,0,0,0,0,0,0,0,0,0,0,2,0,0,5,0,7,8,9,0,11,12,13,14,0,2,3,0,5,0,7,8,9,0,11,12,13,14,0,0,0,0,0,1,0,0,0,0,0,0,0,0,0,0,0,0
54,1,3,85,57,0,0,3,0,0,0,0,0,0,0,0,0,0,0,0,2,0,0,5,6,7,8,9,0,11,0,13,14,0,2,3,0,5,6,7,8,9,0,11,0,13,14,0,0,0,0,0,1,0,0,0,0,0,0,0,0,0,0,0,0
55,1,3,75,55,0,0,3,0,0,0,0,0,0,0,0,0,0,0,1,2,0,0,5,0,7,8,0,0,11,12,13,14,1,2,3,0,5,0,7,8,0,0,11,12,13,14,0,0,0,0,0,1,0,0,0,0,0,0,0,0,0,0,0,0
56,1,3,88,62,0,0,3,0,0,0,0,0,0,0,0,0,0,0,0,2,0,0,5,6,7,8,9,0,11,12,0,14,0,2,3,0,5,6,7,8,9,0,11,12,0,14,0,0,0,0,0,1,0,0,0,0,0,0,0,0,0,0,0,0
57,1,3,45,29,0,0,3,0,0,0,0,0,0,0,0,0,0,0,0,2,0,0,5,6,7,8,9,0,11,12,13,14,0,2,3,0,5,6,7,8,9,0,11,12,13,14,0,0,0,0,0,1,0,0,0,0,0,0,0,0,0,0,0,0
58,1,3,33,22,0,0,3,0,0,0,0,0,0,0,0,0,0,0,1,2,0,0,5,6,7,8,9,0,11,12,13,14,1,2,3,0,5,6,7,8,9,0,11,12,13,14,0,0,0,0,0,1,0,0,0,0,0,0,0,0,0,0,0,0
59,1,3,48,31,0,0,3,0,0,0,0,0,0,0,0,0,0,0,1,2,0,0,5,0,7,8,9,0,11,12,13,14,1,2,3,0,5,0,7,8,9,0,11,12,13,14,0,0,0,0,0,1,0,0,0,0,0,0,0,0,0,0,0,0
60,1,3,50,38,0,0,3,0,0,0,0,0,0,0,0,0,0,0,1,2,0,0,5,6,7,8,9,0,11,0,13,14,1,2,3,0,5,6,7,8,9,0,11,0,13,14,0,0,0,0,0,1,0,0,0,0,0,0,0,0,0,0,0,0
61,1,3,49,37,0,0,3,0,0,0,0,0,0,0,0,0,0,0,1,2,0,0,5,6,7,8,0,0,11,12,13,14,1,2,3,0,5,6,7,8,0,0,11,12,13,14,0,0,0,0,0,1,0,0,0,0,0,0,0,0,0,0,0,0
62,1,3,121,97,0,0,3,0,0,0,0,0,0,0,0,0,0,0,0,2,0,0,5,6,7,8,0,0,11,12,0,14,0,2,3,0,5,6,7,8,0,0,11,12,0,14,0,0,0,0,0,1,0,0,0,0,0,0,0,0,0,0,0,0
63,1,3,116,92,0,0,3,0,0,0,0,0,0,0,0,0,0,0,0,2,0,0,5,0,7,8,9,0,11,12,0,14,0,2,3,0,5,0,7,8,9,0,11,12,0,14,0,0,0,0,0,1,0,0,0,0,0,0,0,0,0,0,0,0
64,1,3,127,94,0,0,3,0,0,0,0,0,0,0,0,0,0,0,0,2,0,0,5,6,7,8,9,0,11,0,0,14,0,2,3,0,5,6,7,8,9,0,11,0,0,14,0,0,0,0,0,1,0,0,0,0,0,0,0,0,0,0,0,0
65,1,3,141,117,0,0,3,0,0,0,0,0,0,0,0,0,0,0,0,2,0,0,5,0,7,8,0,0,11,0,13,14,0,2,3,0,5,0,7,8,0,0,11,0,13,14,0,0,0,0,0,1,0,0,0,0,0,0,0,0,0,0,0,0
66,1,3,118,93,0,0,3,0,0,0,0,0,0,0,0,0,0,0,1,2,0,0,5,0,7,8,0,0,11,0,13,14,1,2,3,0,5,0,7,8,0,0,11,0,13,14,0,0,0,0,0,1,0,0,0,0,0,0,0,0,0,0,0,0
67,1,3,81,60,0,0,3,0,0,0,0,0,0,0,0,0,0,0,1,2,0,0,5,6,7,8,0,0,11,0,13,14,1,2,3,0,5,6,7,8,0,0,11,0,13,14,0,0,0,0,0,1,0,0,0,0,0,0,0,0,0,0,0,0
68,1,3,74,53,0,0,3,0,0,0,0,0,0,0,0,0,0,0,1,2,0,0,5,0,7,8,9,0,11,0,13,14,1,2,3,0,5,0,7,8,9,0,11,0,13,14,0,0,0,0,0,1,0,0,0,0,0,0,0,0,0,0,0,0
69,1,3,108,77,0,0,3,0,0,0,0,0,0,0,0,0,0,0,0,2,0,0,5,0,7,8,0,0,11,12,13,14,0,2,3,0,5,0,7,8,0,0,11,12,13,14,0,0,0,0,0,1,0,0,0,0,0,0,0,0,0,0,0,0
70,1,3,112,87,0,0,3,0,0,0,0,0,0,0,0,0,0,0,0,2,0,0,5,6,7,8,0,0,11,0,13,14,0,2,3,0,5,6,7,8,0,0,11,0,13,14,0,0,0,0,0,1,0,0,0,0,0,0,0,0,0,0,0,0
71,1,3,110,86,0,0,3,0,0,0,0,0,0,0,0,0,0,0,0,2,0,0,5,0,7,8,9,0,11,0,13,14,0,2,3,0,5,0,7,8,9,0,11,0,13,14,0,0,0,0,0,1,0,0,0,0,0,0,0,0,0,0,0,0
72,1,3,211,195,0,0,3,0,0,0,0,0,0,0,0,0,0,0,0,0,0,0,0,6,7,8,0,0,0,0,0,14,0,0,3,0,0,6,7,8,0,0,0,0,0,14,0,0,0,0,0,1,0,0,0,0,0,0,0,0,0,0,0,0
73,1,3,226,214,0,0,3,0,0,0,0,0,0,0,0,0,0,0,0,0,0,0,0,0,7,8,0,0,0,0,0,14,0,0,3,0,0,0,7,8,0,0,0,0,0,14,0,0,0,0,0,1,0,0,0,0,0,0,0,0,0,0,0,0
74,1,3,210,197,0,0,3,0,0,0,0,0,0,0,0,0,0,0,0,0,0,0,0,0,7,8,9,0,0,0,0,14,0,0,3,0,0,0,7,8,9,0,0,0,0,14,0,0,0,0,0,1,0,0,0,0,0,0,0,0,0,0,0,0
75,1,3,203,190,0,0,3,0,0,0,0,0,0,0,0,0,0,0,0,0,0,0,0,0,7,8,0,0,0,12,0,14,0,0,3,0,0,0,7,8,0,0,0,12,0,14,0,0,0,0,0,1,0,0,0,0,0,0,0,0,0,0,0,0
76,1,4,60,42,0,0,0,4,0,0,0,0,0,0,0,0,0,0,1,2,3,0,5,6,7,8,0,0,11,0,13,14,1,2,3,4,5,6,7,8,0,0,11,0,13,14,0,0,0,0,1,0,1,0,0,0,0,0,0,0,0,0,0,0
77,1,4,53,41,0,0,0,4,0,0,0,0,0,0,0,0,0,0,1,2,3,0,5,0,7,8,9,0,11,0,13,14,1,2,3,4,5,0,7,8,9,0,11,0,13,14,0,0,0,0,1,0,1,0,0,0,0,0,0,0,0,0,0,0
78,1,4,57,36,0,0,0,4,0,0,0,0,0,0,0,0,0,0,0,2,3,0,5,6,7,8,9,0,11,0,13,14,0,2,3,4,5,6,7,8,9,0,11,0,13,14,0,0,0,0,1,0,1,0,0,0,0,0,0,0,0,0,0,0
79,1,4,62,40,0,0,0,4,0,0,0,0,0,0,0,0,0,0,0,2,3,0,5,6,7,8,9,0,11,12,0,14,0,2,3,4,5,6,7,8,9,0,11,12,0,14,0,0,0,0,1,0,1,0,0,0,0,0,0,0,0,0,0,0
80,1,4,55,32,0,0,0,4,0,0,0,0,0,0,0,0,0,0,1,2,3,0,5,0,7,8,0,0,11,12,13,14,1,2,3,4,5,0,7,8,0,0,11,12,13,14,0,0,0,0,1,0,1,0,0,0,0,0,0,0,0,0,0,0
81,1,4,167,155,0,0,0,4,0,0,0,0,0,0,0,0,0,0,0,0,3,0,0,0,7,8,9,0,0,12,0,14,0,0,3,4,0,0,7,8,9,0,0,12,0,14,0,0,0,0,1,0,1,0,0,0,0,0,0,0,0,0,0,0
82,1,4,93,54,0,0,0,4,0,0,0,0,0,0,0,0,0,0,1,2,3,0,5,0,7,8,0,0,11,0,13,14,1,2,3,4,5,0,7,8,0,0,11,0,13,14,0,0,0,0,1,0,1,0,0,0,0,0,0,0,0,0,0,0
83,1,4,94,67,0,0,0,4,0,0,0,0,0,0,0,0,0,0,0,2,3,0,5,6,7,8,9,0,11,0,0,14,0,2,3,4,5,6,7,8,9,0,11,0,0,14,0,0,0,0,1,0,1,0,0,0,0,0,0,0,0,0,0,0
84,1,4,22,18,0,0,0,4,0,0,0,0,0,0,0,0,0,0,1,2,3,0,5,6,7,8,9,0,11,12,13,14,1,2,3,4,5,6,7,8,9,0,11,12,13,14,0,0,0,0,1,0,1,0,0,0,0,0,0,0,0,0,0,0
85,1,4,169,151,0,0,0,4,0,0,0,0,0,0,0,0,0,0,0,0,3,0,0,6,7,8,0,0,0,12,0,14,0,0,3,4,0,6,7,8,0,0,0,12,0,14,0,0,0,0,1,0,1,0,0,0,0,0,0,0,0,0,0,0
86,1,4,180,160,0,0,0,4,0,0,0,0,0,0,0,0,0,0,0,0,3,0,0,6,7,8,9,0,0,0,0,14,0,0,3,4,0,6,7,8,9,0,0,0,0,14,0,0,0,0,1,0,1,0,0,0,0,0,0,0,0,0,0,0
87,1,4,52,34,0,0,0,4,0,0,0,0,0,0,0,0,0,0,0,2,3,0,5,6,7,8,0,0,11,12,13,14,0,2,3,4,5,6,7,8,0,0,11,12,13,14,0,0,0,0,1,0,1,0,0,0,0,0,0,0,0,0,0,0
88,1,4,122,80,0,0,0,4,0,0,0,0,0,0,0,0,0,0,0,2,3,0,5,0,7,8,0,0,11,12,0,14,0,2,3,4,5,0,7,8,0,0,11,12,0,14,0,0,0,0,1,0,1,0,0,0,0,0,0,0,0,0,0,0
89,1,4,117,72,0,0,0,4,0,0,0,0,0,0,0,0,0,0,0,2,3,0,5,0,7,8,0,0,11,0,13,14,0,2,3,4,5,0,7,8,0,0,11,0,13,14,0,0,0,0,1,0,1,0,0,0,0,0,0,0,0,0,0,0
90,1,4,148,126,0,0,0,4,0,0,0,0,0,0,0,0,0,0,0,0,3,0,0,6,7,8,9,0,0,12,0,14,0,0,3,4,0,6,7,8,9,0,0,12,0,14,0,0,0,0,1,0,1,0,0,0,0,0,0,0,0,0,0,0
91,1,4,214,198,0,0,0,4,0,0,0,0,0,0,0,0,0,0,0,0,3,0,0,0,7,8,0,0,0,0,0,14,0,0,3,4,0,0,7,8,0,0,0,0,0,14,0,0,0,0,1,0,1,0,0,0,0,0,0,0,0,0,0,0
92,1,4,128,98,0,0,0,4,0,0,0,0,0,0,0,0,0,0,0,2,3,0,5,6,7,8,0,0,11,0,0,14,0,2,3,4,5,6,7,8,0,0,11,0,0,14,0,0,0,0,1,0,1,0,0,0,0,0,0,0,0,0,0,0
93,1,4,115,99,0,0,0,4,0,0,0,0,0,0,0,0,0,0,0,2,3,0,5,0,7,8,9,0,11,0,0,14,0,2,3,4,5,0,7,8,9,0,11,0,0,14,0,0,0,0,1,0,1,0,0,0,0,0,0,0,0,0,0,0
94,1,4,31,25,0,0,0,4,0,0,0,0,0,0,0,0,0,0,1,2,3,0,5,0,7,8,9,0,11,12,13,14,1,2,3,4,5,0,7,8,9,0,11,12,13,14,0,0,0,0,1,0,1,0,0,0,0,0,0,0,0,0,0,0
95,1,4,29,21,0,0,0,4,0,0,0,0,0,0,0,0,0,0,0,2,3,0,5,6,7,8,9,0,11,12,13,14,0,2,3,4,5,6,7,8,9,0,11,12,13,14,0,0,0,0,1,0,1,0,0,0,0,0,0,0,0,0,0,0
96,1,4,47,30,0,0,0,4,0,0,0,0,0,0,0,0,0,0,0,2,3,0,5,0,7,8,9,0,11,12,13,14,0,2,3,4,5,0,7,8,9,0,11,12,13,14,0,0,0,0,1,0,1,0,0,0,0,0,0,0,0,0,0,0
97,1,4,158,131,0,0,0,4,0,0,0,0,0,0,0,0,0,0,0,2,3,0,5,0,7,8,0,0,11,0,0,14,0,2,3,4,5,0,7,8,0,0,11,0,0,14,0,0,0,0,1,0,1,0,0,0,0,0,0,0,0,0,0,0
98,1,4,38,28,0,0,0,4,0,0,0,0,0,0,0,0,0,0,1,2,3,0,5,6,7,8,9,0,11,0,13,14,1,2,3,4,5,6,7,8,9,0,11,0,13,14,0,0,0,0,1,0,1,0,0,0,0,0,0,0,0,0,0,0
99,1,4,37,23,0,0,0,4,0,0,0,0,0,0,0,0,0,0,1,2,3,0,5,6,7,8,0,0,11,12,13,14,1,2,3,4,5,6,7,8,0,0,11,12,13,14,0,0,0,0,1,0,1,0,0,0,0,0,0,0,0,0,0,0
100,1,4,97,68,0,0,0,4,0,0,0,0,0,0,0,0,0,0,0,2,3,0,5,6,7,8,0,0,11,12,0,14,0,2,3,4,5,6,7,8,0,0,11,12,0,14,0,0,0,0,1,0,1,0,0,0,0,0,0,0,0,0,0,0
101,1,4,197,181,0,0,0,4,0,0,0,0,0,0,0,0,0,0,0,0,3,0,0,0,7,8,9,0,0,0,0,14,0,0,3,4,0,0,7,8,9,0,0,0,0,14,0,0,0,0,1,0,1,0,0,0,0,0,0,0,0,0,0,0
102,1,4,86,58,0,0,0,4,0,0,0,0,0,0,0,0,0,0,0,2,3,0,5,0,7,8,9,0,11,0,13,14,0,2,3,4,5,0,7,8,9,0,11,0,13,14,0,0,0,0,1,0,1,0,0,0,0,0,0,0,0,0,0,0
103,1,4,77,51,0,0,0,4,0,0,0,0,0,0,0,0,0,0,0,2,3,0,5,0,7,8,0,0,11,12,13,14,0,2,3,4,5,0,7,8,0,0,11,12,13,14,0,0,0,0,1,0,1,0,0,0,0,0,0,0,0,0,0,0
104,1,4,195,179,0,0,0,4,0,0,0,0,0,0,0,0,0,0,0,0,3,0,0,6,7,8,0,0,0,0,0,14,0,0,3,4,0,6,7,8,0,0,0,0,0,14,0,0,0,0,1,0,1,0,0,0,0,0,0,0,0,0,0,0
105,1,4,87,59,0,0,0,4,0,0,0,0,0,0,0,0,0,0,0,2,3,0,5,6,7,8,0,0,11,0,13,14,0,2,3,4,5,6,7,8,0,0,11,0,13,14,0,0,0,0,1,0,1,0,0,0,0,0,0,0,0,0,0,0
106,1,4,92,65,0,0,0,4,0,0,0,0,0,0,0,0,0,0,0,2,3,0,5,0,7,8,9,0,11,12,0,14,0,2,3,4,5,0,7,8,9,0,11,12,0,14,0,0,0,0,1,0,1,0,0,0,0,0,0,0,0,0,0,0
107,1,4,190,177,0,0,0,4,0,0,0,0,0,0,0,0,0,0,0,0,3,0,0,0,7,8,0,0,0,12,0,14,0,0,3,4,0,0,7,8,0,0,0,12,0,14,0,0,0,0,1,0,1,0,0,0,0,0,0,0,0,0,0,0
108,1,5,63,39,0,0,0,0,5,0,0,0,0,0,0,0,0,0,0,0,3,4,0,6,7,8,9,10,11,12,0,14,0,0,3,4,5,6,7,8,9,10,11,12,0,14,0,0,0,0,0,0,0,1,1,0,0,0,0,0,0,0,0,0
109,1,5,202,188,0,0,0,0,5,0,0,0,0,0,0,0,0,0,0,0,0,0,0,6,0,0,0,0,11,12,0,14,0,0,0,0,5,6,0,0,0,0,11,12,0,14,0,0,0,0,0,0,0,1,1,0,0,0,0,0,0,0,0,0
110,1,5,89,66,0,0,0,0,5,0,0,0,0,0,0,0,0,0,0,0,3,4,0,6,7,8,0,10,11,12,0,14,0,0,3,4,5,6,7,8,0,10,11,12,0,14,0,0,0,0,0,0,0,1,1,0,0,0,0,0,0,0,0,0
111,1,5,176,153,0,0,0,0,5,0,0,0,0,0,0,0,0,0,0,0,3,4,0,0,7,8,0,0,11,0,0,14,0,0,3,4,5,0,7,8,0,0,11,0,0,14,0,0,0,0,0,0,0,1,1,0,0,0,0,0,0,0,0,0
112,1,5,205,191,0,0,0,0,5,0,0,0,0,0,0,0,0,0,0,0,0,0,0,6,0,0,9,0,11,0,0,14,0,0,0,0,5,6,0,0,9,0,11,0,0,14,0,0,0,0,0,0,0,1,1,0,0,0,0,0,0,0,0,0
113,1,5,156,130,0,0,0,0,5,0,0,0,0,0,0,0,0,0,0,0,3,4,0,6,7,8,0,0,11,0,0,14,0,0,3,4,5,6,7,8,0,0,11,0,0,14,0,0,0,0,0,0,0,1,1,0,0,0,0,0,0,0,0,0
114,1,5,183,171,0,0,0,0,5,0,0,0,0,0,0,0,0,0,0,0,0,0,0,6,0,0,9,0,11,12,0,14,0,0,0,0,5,6,0,0,9,0,11,12,0,14,0,0,0,0,0,0,0,1,1,0,0,0,0,0,0,0,0,0
115,1,5,149,123,0,0,0,0,5,0,0,0,0,0,0,0,0,0,0,0,3,4,0,0,7,8,0,0,11,12,0,14,0,0,3,4,5,0,7,8,0,0,11,12,0,14,0,0,0,0,0,0,0,1,1,0,0,0,0,0,0,0,0,0
116,1,5,152,124,0,0,0,0,5,0,0,0,0,0,0,0,0,0,0,0,3,4,0,0,7,8,9,0,11,0,0,14,0,0,3,4,5,0,7,8,9,0,11,0,0,14,0,0,0,0,0,0,0,1,1,0,0,0,0,0,0,0,0,0
117,1,5,82,61,0,0,0,0,5,0,0,0,0,0,0,0,0,0,0,0,3,4,0,6,7,8,9,10,11,0,0,14,0,0,3,4,5,6,7,8,9,10,11,0,0,14,0,0,0,0,0,0,0,1,1,0,0,0,0,0,0,0,0,0
118,1,5,220,212,0,0,0,0,5,0,0,0,0,0,0,0,0,0,0,0,0,0,0,0,0,0,9,0,11,0,0,14,0,0,0,0,5,0,0,0,9,0,11,0,0,14,0,0,0,0,0,0,0,1,1,0,0,0,0,0,0,0,0,0
119,1,5,216,201,0,0,0,0,5,0,0,0,0,0,0,0,0,0,0,0,0,0,0,0,0,0,0,0,11,12,0,14,0,0,0,0,5,0,0,0,0,0,11,12,0,14,0,0,0,0,0,0,0,1,1,0,0,0,0,0,0,0,0,0
120,1,5,229,223,0,0,0,0,5,0,0,0,0,0,0,0,0,0,0,0,0,0,0,0,0,0,0,0,11,0,0,14,0,0,0,0,5,0,0,0,0,0,11,0,0,14,0,0,0,0,0,0,0,1,1,0,0,0,0,0,0,0,0,0
121,1,5,200,187,0,0,0,0,5,0,0,0,0,0,0,0,0,0,0,0,0,0,0,0,0,0,9,0,11,12,0,14,0,0,0,0,5,0,0,0,9,0,11,12,0,14,0,0,0,0,0,0,0,1,1,0,0,0,0,0,0,0,0,0
122,1,5,114,91,0,0,0,0,5,0,0,0,0,0,0,0,0,0,0,0,3,4,0,6,7,8,9,0,11,0,0,14,0,0,3,4,5,6,7,8,9,0,11,0,0,14,0,0,0,0,0,0,0,1,1,0,0,0,0,0,0,0,0,0
123,1,5,219,213,0,0,0,0,5,0,0,0,0,0,0,0,0,0,0,0,0,0,0,6,0,0,0,0,11,0,0,14,0,0,0,0,5,6,0,0,0,0,11,0,0,14,0,0,0,0,0,0,0,1,1,0,0,0,0,0,0,0,0,0
124,1,5,11,233,0,0,0,0,5,0,0,0,0,0,0,0,0,0,0,0,0,0,0,0,0,0,0,0,11,0,0,0,0,0,0,0,5,0,0,0,0,0,11,0,0,0,0,0,0,0,0,0,0,1,0,0,0,0,0,0,0,0,0,0
125,1,5,129,84,0,0,0,0,5,0,0,0,0,0,0,0,0,0,0,0,3,4,0,6,7,8,0,10,11,0,0,14,0,0,3,4,5,6,7,8,0,10,11,0,0,14,0,0,0,0,0,0,0,1,1,0,0,0,0,0,0,0,0,0
126,1,5,120,95,0,0,0,0,5,0,0,0,0,0,0,0,0,0,0,0,3,4,0,0,7,8,9,0,11,12,0,14,0,0,3,4,5,0,7,8,9,0,11,12,0,14,0,0,0,0,0,0,0,1,1,0,0,0,0,0,0,0,0,0
127,1,5,125,90,0,0,0,0,5,0,0,0,0,0,0,0,0,0,0,0,3,4,0,6,7,8,0,0,11,12,0,14,0,0,3,4,5,6,7,8,0,0,11,12,0,14,0,0,0,0,0,0,0,1,1,0,0,0,0,0,0,0,0,0
128,1,5,83,56,0,0,0,0,5,0,0,0,0,0,0,0,0,0,0,0,3,4,0,6,7,8,9,0,11,12,0,14,0,0,3,4,5,6,7,8,9,0,11,12,0,14,0,0,0,0,0,0,0,1,1,0,0,0,0,0,0,0,0,0
129,1,6,133,101,0,0,0,0,0,6,0,0,0,0,0,0,0,0,0,2,0,0,5,0,0,0,9,0,11,12,13,14,0,2,0,0,5,6,0,0,9,0,11,12,13,14,0,0,0,0,0,0,0,0,0,0,1,0,0,0,0,0,0,0
130,1,6,192,165,0,0,0,0,0,6,0,0,0,0,0,0,0,0,0,2,0,0,5,0,0,0,9,0,11,0,0,14,0,2,0,0,5,6,0,0,9,0,11,0,0,14,0,0,0,0,0,0,0,0,0,0,1,0,0,0,0,0,0,0
131,1,6,155,126,0,0,0,0,0,6,0,0,0,0,0,0,0,0,0,0,3,4,0,0,7,8,9,0,0,12,0,14,0,0,3,4,0,6,7,8,9,0,0,12,0,14,0,0,0,0,0,0,0,0,0,0,1,0,0,0,0,0,0,0
132,1,6,140,106,0,0,0,0,0,6,0,0,0,0,0,0,0,0,1,2,0,0,5,0,0,0,0,0,11,12,13,14,1,2,0,0,5,6,0,0,0,0,11,12,13,14,0,0,0,0,0,0,0,0,0,0,1,0,0,0,0,0,0,0
133,1,6,138,107,0,0,0,0,0,6,0,0,0,0,0,0,0,0,1,2,0,0,5,0,0,0,9,0,11,0,13,14,1,2,0,0,5,6,0,0,9,0,11,0,13,14,0,0,0,0,0,0,0,0,0,0,1,0,0,0,0,0,0,0
134,1,6,182,166,0,0,0,0,0,6,0,0,0,0,0,0,0,0,0,2,0,0,5,0,0,0,0,0,11,0,13,14,0,2,0,0,5,6,0,0,0,0,11,0,13,14,0,0,0,0,0,0,0,0,0,0,1,0,0,0,0,0,0,0
135,1,6,41,28,0,0,0,0,0,6,0,0,0,0,0,0,0,0,1,2,3,4,5,0,7,8,9,0,11,0,13,14,1,2,3,4,5,6,7,8,9,0,11,0,13,14,0,0,0,0,0,0,0,0,0,0,1,0,0,0,0,0,0,0
136,1,6,206,194,0,0,0,0,0,6,0,0,0,0,0,0,0,0,0,2,0,0,5,0,0,0,0,0,11,0,0,14,0,2,0,0,5,6,0,0,0,0,11,0,0,14,0,0,0,0,0,0,0,0,0,0,1,0,0,0,0,0,0,0
137,1,6,198,179,0,0,0,0,0,6,0,0,0,0,0,0,0,0,0,0,3,4,0,0,7,8,0,0,0,0,0,14,0,0,3,4,0,6,7,8,0,0,0,0,0,14,0,0,0,0,0,0,0,0,0,0,1,0,0,0,0,0,0,0
138,1,6,32,23,0,0,0,0,0,6,0,0,0,0,0,0,0,0,1,2,3,4,5,0,7,8,0,0,11,12,13,14,1,2,3,4,5,6,7,8,0,0,11,12,13,14,0,0,0,0,0,0,0,0,0,0,1,0,0,0,0,0,0,0
139,1,6,131,98,0,0,0,0,0,6,0,0,0,0,0,0,0,0,0,2,3,4,5,0,7,8,0,0,11,0,0,14,0,2,3,4,5,6,7,8,0,0,11,0,0,14,0,0,0,0,0,0,0,0,0,0,1,0,0,0,0,0,0,0
140,1,6,184,174,0,0,0,0,0,6,0,0,0,0,0,0,0,0,0,2,0,0,5,0,0,0,0,0,11,12,0,14,0,2,0,0,5,6,0,0,0,0,11,12,0,14,0,0,0,0,0,0,0,0,0,0,1,0,0,0,0,0,0,0
141,1,6,30,21,0,0,0,0,0,6,0,0,0,0,0,0,0,0,0,2,3,4,5,0,7,8,9,0,11,12,13,14,0,2,3,4,5,6,7,8,9,0,11,12,13,14,0,0,0,0,0,0,0,0,0,0,1,0,0,0,0,0,0,0
142,1,6,102,73,0,0,0,0,0,6,0,0,0,0,0,0,0,0,1,2,0,0,5,0,0,0,9,0,11,12,13,14,1,2,0,0,5,6,0,0,9,0,11,12,13,14,0,0,0,0,0,0,0,0,0,0,1,0,0,0,0,0,0,0
143,1,6,65,40,0,0,0,0,0,6,0,0,0,0,0,0,0,0,0,2,3,4,5,0,7,8,9,0,11,12,0,14,0,2,3,4,5,6,7,8,9,0,11,12,0,14,0,0,0,0,0,0,0,0,0,0,1,0,0,0,0,0,0,0
144,1,6,181,160,0,0,0,0,0,6,0,0,0,0,0,0,0,0,0,0,3,4,0,0,7,8,9,0,0,0,0,14,0,0,3,4,0,6,7,8,9,0,0,0,0,14,0,0,0,0,0,0,0,0,0,0,1,0,0,0,0,0,0,0
145,1,6,173,143,0,0,0,0,0,6,0,0,0,0,0,0,0,0,0,2,0,0,5,0,0,0,9,0,11,12,0,14,0,2,0,0,5,6,0,0,9,0,11,12,0,14,0,0,0,0,0,0,0,0,0,0,1,0,0,0,0,0,0,0
146,1,6,172,139,0,0,0,0,0,6,0,0,0,0,0,0,0,0,1,2,0,0,5,0,0,0,0,0,11,0,13,14,1,2,0,0,5,6,0,0,0,0,11,0,13,14,0,0,0,0,0,0,0,0,0,0,1,0,0,0,0,0,0,0
147,1,6,161,137,0,0,0,0,0,6,0,0,0,0,0,0,0,0,0,2,0,0,5,0,0,0,0,0,11,12,13,14,0,2,0,0,5,6,0,0,0,0,11,12,13,14,0,0,0,0,0,0,0,0,0,0,1,0,0,0,0,0,0,0
148,1,6,163,136,0,0,0,0,0,6,0,0,0,0,0,0,0,0,0,2,0,0,5,0,0,0,9,0,11,0,13,14,0,2,0,0,5,6,0,0,9,0,11,0,13,14,0,0,0,0,0,0,0,0,0,0,1,0,0,0,0,0,0,0
149,1,6,177,151,0,0,0,0,0,6,0,0,0,0,0,0,0,0,0,0,3,4,0,0,7,8,0,0,0,12,0,14,0,0,3,4,0,6,7,8,0,0,0,12,0,14,0,0,0,0,0,0,0,0,0,0,1,0,0,0,0,0,0,0
150,1,6,14,232,0,0,0,0,0,6,0,0,0,0,0,0,0,0,0,0,0,0,0,0,0,0,0,0,0,0,0,14,0,0,0,0,0,6,0,0,0,0,0,0,0,14,0,0,0,0,0,0,0,0,0,0,1,0,0,0,0,0,0,0
151,1,6,10,235,0,0,0,0,0,6,0,0,0,0,0,0,0,0,0,0,0,0,0,0,0,0,0,10,0,0,0,0,0,0,0,0,0,6,0,0,0,10,0,0,0,0,0,0,0,0,0,0,0,0,0,1,0,0,0,0,0,0,0,0
152,1,6,25,18,0,0,0,0,0,6,0,0,0,0,0,0,0,0,1,2,3,4,5,0,7,8,9,0,11,12,13,14,1,2,3,4,5,6,7,8,9,0,11,12,13,14,0,0,0,0,0,0,0,0,0,0,1,0,0,0,0,0,0,0
153,1,6,228,222,0,0,0,0,0,6,0,0,0,0,0,0,0,0,0,0,0,0,0,0,0,0,0,0,0,12,0,14,0,0,0,0,0,6,0,0,0,0,0,12,0,14,0,0,0,0,0,0,0,0,0,0,1,0,0,0,0,0,0,0
154,1,6,230,225,0,0,0,0,0,6,0,0,0,0,0,0,0,0,0,0,0,0,0,0,0,0,9,0,0,0,0,14,0,0,0,0,0,6,0,0,9,0,0,0,0,14,0,0,0,0,0,0,0,0,0,0,1,0,0,0,0,0,0,0
155,1,6,218,204,0,0,0,0,0,6,0,0,0,0,0,0,0,0,0,0,0,0,0,0,0,0,9,0,0,12,0,14,0,0,0,0,0,6,0,0,9,0,0,12,0,14,0,0,0,0,0,0,0,0,0,0,1,0,0,0,0,0,0,0
156,1,6,51,34,0,0,0,0,0,6,0,0,0,0,0,0,0,0,0,2,3,4,5,0,7,8,0,0,11,12,13,14,0,2,3,4,5,6,7,8,0,0,11,12,13,14,0,0,0,0,0,0,0,0,0,0,1,0,0,0,0,0,0,0
157,1,6,80,68,0,0,0,0,0,6,0,0,0,0,0,0,0,0,0,2,3,4,5,0,7,8,0,0,11,12,0,14,0,2,3,4,5,6,7,8,0,0,11,12,0,14,0,0,0,0,0,0,0,0,0,0,1,0,0,0,0,0,0,0
158,1,6,72,59,0,0,0,0,0,6,0,0,0,0,0,0,0,0,0,2,3,4,5,0,7,8,0,0,11,0,13,14,0,2,3,4,5,6,7,8,0,0,11,0,13,14,0,0,0,0,0,0,0,0,0,0,1,0,0,0,0,0,0,0
159,1,6,54,42,0,0,0,0,0,6,0,0,0,0,0,0,0,0,1,2,3,4,5,0,7,8,0,0,11,0,13,14,1,2,3,4,5,6,7,8,0,0,11,0,13,14,0,0,0,0,0,0,0,0,0,0,1,0,0,0,0,0,0,0
160,1,6,99,67,0,0,0,0,0,6,0,0,0,0,0,0,0,0,0,2,3,4,5,0,7,8,9,0,11,0,0,14,0,2,3,4,5,6,7,8,9,0,11,0,0,14,0,0,0,0,0,0,0,0,0,0,1,0,0,0,0,0,0,0
161,1,6,58,36,0,0,0,0,0,6,0,0,0,0,0,0,0,0,0,2,3,4,5,0,7,8,9,0,11,0,13,14,0,2,3,4,5,6,7,8,9,0,11,0,13,14,0,0,0,0,0,0,0,0,0,0,1,0,0,0,0,0,0,0
162,1,7,146,121,0,0,0,0,0,0,7,0,0,0,0,0,0,0,0,2,0,0,5,6,0,8,0,0,11,12,0,14,0,2,0,0,5,6,7,8,0,0,11,12,0,14,0,0,0,0,0,0,0,0,0,0,0,1,0,0,0,0,0,0
163,1,7,150,127,0,0,0,0,0,0,7,0,0,0,0,0,0,0,0,2,0,0,5,6,0,8,9,0,11,0,0,14,0,2,0,0,5,6,7,8,9,0,11,0,0,14,0,0,0,0,0,0,0,0,0,0,0,1,0,0,0,0,0,0
164,1,7,147,118,0,0,0,0,0,0,7,0,0,0,0,0,0,0,1,2,0,0,5,0,0,8,0,0,11,0,13,14,1,2,0,0,5,0,7,8,0,0,11,0,13,14,0,0,0,0,0,0,0,0,0,0,0,1,0,0,0,0,0,0
165,1,7,145,116,0,0,0,0,0,0,7,0,0,0,0,0,0,0,0,2,0,0,5,0,0,8,9,0,11,12,0,14,0,2,0,0,5,0,7,8,9,0,11,12,0,14,0,0,0,0,0,0,0,0,0,0,0,1,0,0,0,0,0,0
166,1,7,134,108,0,0,0,0,0,0,7,0,0,0,0,0,0,0,0,2,0,0,5,0,0,8,0,0,11,12,13,14,0,2,0,0,5,0,7,8,0,0,11,12,13,14,0,0,0,0,0,0,0,0,0,0,0,1,0,0,0,0,0,0
167,1,7,46,33,0,0,0,0,0,0,7,0,0,0,0,0,0,0,1,2,0,0,5,6,0,8,9,0,11,12,13,14,1,2,0,0,5,6,7,8,9,0,11,12,13,14,0,0,0,0,0,0,0,0,0,0,0,1,0,0,0,0,0,0
168,1,7,142,112,0,0,0,0,0,0,7,0,0,0,0,0,0,0,0,2,0,0,5,6,0,8,0,0,11,0,13,14,0,2,0,0,5,6,7,8,0,0,11,0,13,14,0,0,0,0,0,0,0,0,0,0,0,1,0,0,0,0,0,0
169,1,7,135,110,0,0,0,0,0,0,7,0,0,0,0,0,0,0,0,2,0,0,5,0,0,8,9,0,11,0,13,14,0,2,0,0,5,0,7,8,9,0,11,0,13,14,0,0,0,0,0,0,0,0,0,0,0,1,0,0,0,0,0,0
170,1,7,207,196,0,0,0,0,0,0,7,0,0,0,0,0,0,0,0,0,0,0,0,6,0,8,9,0,0,0,0,14,0,0,0,0,0,6,7,8,9,0,0,0,0,14,0,0,0,0,0,0,0,0,0,0,0,1,0,0,0,0,0,0
171,1,7,76,50,0,0,0,0,0,0,7,0,0,0,0,0,0,0,1,2,0,0,5,6,0,8,9,0,11,0,13,14,1,2,0,0,5,6,7,8,9,0,11,0,13,14,0,0,0,0,0,0,0,0,0,0,0,1,0,0,0,0,0,0
172,1,7,231,226,0,0,0,0,0,0,7,0,0,0,0,0,0,0,0,0,0,0,0,0,0,8,0,0,0,0,0,14,0,0,0,0,0,0,7,8,0,0,0,0,0,14,0,0,0,0,0,0,0,0,0,0,0,1,0,0,0,0,0,0
173,1,7,162,141,0,0,0,0,0,0,7,0,0,0,0,0,0,0,0,2,0,0,5,0,0,8,0,0,11,0,13,14,0,2,0,0,5,0,7,8,0,0,11,0,13,14,0,0,0,0,0,0,0,0,0,0,0,1,0,0,0,0,0,0
174,1,7,71,45,0,0,0,0,0,0,7,0,0,0,0,0,0,0,0,2,0,0,5,6,0,8,9,0,11,12,13,14,0,2,0,0,5,6,7,8,9,0,11,12,13,14,0,0,0,0,0,0,0,0,0,0,0,1,0,0,0,0,0,0
175,1,7,70,48,0,0,0,0,0,0,7,0,0,0,0,0,0,0,1,2,0,0,5,0,0,8,9,0,11,12,13,14,1,2,0,0,5,0,7,8,9,0,11,12,13,14,0,0,0,0,0,0,0,0,0,0,0,1,0,0,0,0,0,0
176,1,7,79,49,0,0,0,0,0,0,7,0,0,0,0,0,0,0,1,2,0,0,5,6,0,8,0,0,11,12,13,14,1,2,0,0,5,6,7,8,0,0,11,12,13,14,0,0,0,0,0,0,0,0,0,0,0,1,0,0,0,0,0,0
177,1,7,217,203,0,0,0,0,0,0,7,0,0,0,0,0,0,0,0,0,0,0,0,0,0,8,0,0,0,12,0,14,0,0,0,0,0,0,7,8,0,0,0,12,0,14,0,0,0,0,0,0,0,0,0,0,0,1,0,0,0,0,0,0
178,1,7,221,210,0,0,0,0,0,0,7,0,0,0,0,0,0,0,0,0,0,0,0,0,0,8,9,0,0,0,0,14,0,0,0,0,0,0,7,8,9,0,0,0,0,14,0,0,0,0,0,0,0,0,0,0,0,1,0,0,0,0,0,0
179,1,7,224,211,0,0,0,0,0,0,7,0,0,0,0,0,0,0,0,0,0,0,0,6,0,8,0,0,0,0,0,14,0,0,0,0,0,6,7,8,0,0,0,0,0,14,0,0,0,0,0,0,0,0,0,0,0,1,0,0,0,0,0,0
180,1,7,164,144,0,0,0,0,0,0,7,0,0,0,0,0,0,0,0,2,0,0,5,0,0,8,0,0,11,12,0,14,0,2,0,0,5,0,7,8,0,0,11,12,0,14,0,0,0,0,0,0,0,0,0,0,0,1,0,0,0,0,0,0
181,1,7,175,154,0,0,0,0,0,0,7,0,0,0,0,0,0,0,0,2,0,0,5,0,0,8,9,0,11,0,0,14,0,2,0,0,5,0,7,8,9,0,11,0,0,14,0,0,0,0,0,0,0,0,0,0,0,1,0,0,0,0,0,0
182,1,7,178,159,0,0,0,0,0,0,7,0,0,0,0,0,0,0,0,2,0,0,5,6,0,8,0,0,11,0,0,14,0,2,0,0,5,6,7,8,0,0,11,0,0,14,0,0,0,0,0,0,0,0,0,0,0,1,0,0,0,0,0,0
183,1,7,104,75,0,0,0,0,0,0,7,0,0,0,0,0,0,0,1,2,0,0,5,0,0,8,0,0,11,12,13,14,1,2,0,0,5,0,7,8,0,0,11,12,13,14,0,0,0,0,0,0,0,0,0,0,0,1,0,0,0,0,0,0
184,1,7,193,170,0,0,0,0,0,0,7,0,0,0,0,0,0,0,0,2,0,0,5,0,0,8,0,0,11,0,0,14,0,2,0,0,5,0,7,8,0,0,11,0,0,14,0,0,0,0,0,0,0,0,0,0,0,1,0,0,0,0,0,0
185,1,7,113,88,0,0,0,0,0,0,7,0,0,0,0,0,0,0,0,2,0,0,5,6,0,8,9,0,11,12,0,14,0,2,0,0,5,6,7,8,9,0,11,12,0,14,0,0,0,0,0,0,0,0,0,0,0,1,0,0,0,0,0,0
186,1,7,185,168,0,0,0,0,0,0,7,0,0,0,0,0,0,0,0,0,0,0,0,6,0,8,9,0,0,12,0,14,0,0,0,0,0,6,7,8,9,0,0,12,0,14,0,0,0,0,0,0,0,0,0,0,0,1,0,0,0,0,0,0
187,1,7,119,81,0,0,0,0,0,0,7,0,0,0,0,0,0,0,1,2,0,0,5,6,0,8,0,0,11,0,13,14,1,2,0,0,5,6,7,8,0,0,11,0,13,14,0,0,0,0,0,0,0,0,0,0,0,1,0,0,0,0,0,0
188,1,7,105,74,0,0,0,0,0,0,7,0,0,0,0,0,0,0,1,2,0,0,5,0,0,8,9,0,11,0,13,14,1,2,0,0,5,0,7,8,9,0,11,0,13,14,0,0,0,0,0,0,0,0,0,0,0,1,0,0,0,0,0,0
189,1,7,109,85,0,0,0,0,0,0,7,0,0,0,0,0,0,0,0,2,0,0,5,6,0,8,9,0,11,0,13,14,0,2,0,0,5,6,7,8,9,0,11,0,13,14,0,0,0,0,0,0,0,0,0,0,0,1,0,0,0,0,0,0
190,1,7,100,69,0,0,0,0,0,0,7,0,0,0,0,0,0,0,0,2,0,0,5,0,0,8,9,0,11,12,13,14,0,2,0,0,5,0,7,8,9,0,11,12,13,14,0,0,0,0,0,0,0,0,0,0,0,1,0,0,0,0,0,0
191,1,7,208,186,0,0,0,0,0,0,7,0,0,0,0,0,0,0,0,0,0,0,0,0,0,8,9,0,0,12,0,14,0,0,0,0,0,0,7,8,9,0,0,12,0,14,0,0,0,0,0,0,0,0,0,0,0,1,0,0,0,0,0,0
192,1,7,209,189,0,0,0,0,0,0,7,0,0,0,0,0,0,0,0,0,0,0,0,6,0,8,0,0,0,12,0,14,0,0,0,0,0,6,7,8,0,0,0,12,0,14,0,0,0,0,0,0,0,0,0,0,0,1,0,0,0,0,0,0
193,1,7,103,78,0,0,0,0,0,0,7,0,0,0,0,0,0,0,0,2,0,0,5,6,0,8,0,0,11,12,13,14,0,2,0,0,5,6,7,8,0,0,11,12,13,14,0,0,0,0,0,0,0,0,0,0,0,1,0,0,0,0,0,0
194,1,8,232,224,0,0,0,0,0,0,0,8,0,0,0,0,0,0,0,0,0,0,0,6,0,0,0,0,0,0,0,14,0,0,0,0,0,6,0,8,0,0,0,0,0,14,0,0,0,0,0,0,0,0,0,0,0,0,1,0,0,0,0,0
195,1,8,230,221,0,0,0,0,0,0,0,8,0,0,0,0,0,0,0,0,0,0,0,0,0,0,9,0,0,0,0,14,0,0,0,0,0,0,0,8,9,0,0,0,0,14,0,0,0,0,0,0,0,0,0,0,0,0,1,0,0,0,0,0
196,1,8,73,46,0,0,0,0,0,0,0,8,0,0,0,0,0,0,1,2,0,0,5,6,0,0,9,0,11,12,13,14,1,2,0,0,5,6,0,8,9,0,11,12,13,14,0,0,0,0,0,0,0,0,0,0,0,0,1,0,0,0,0,0
197,1,8,228,217,0,0,0,0,0,0,0,8,0,0,0,0,0,0,0,0,0,0,0,0,0,0,0,0,0,12,0,14,0,0,0,0,0,0,0,8,0,0,0,12,0,14,0,0,0,0,0,0,0,0,0,0,0,0,1,0,0,0,0,0
198,1,8,101,71,0,0,0,0,0,0,0,8,0,0,0,0,0,0,0,2,0,0,5,6,0,0,9,0,11,12,13,14,0,2,0,0,5,6,0,8,9,0,11,12,13,14,0,0,0,0,0,0,0,0,0,0,0,0,1,0,0,0,0,0
199,1,8,102,70,0,0,0,0,0,0,0,8,0,0,0,0,0,0,1,2,0,0,5,0,0,0,9,0,11,12,13,14,1,2,0,0,5,0,0,8,9,0,11,12,13,14,0,0,0,0,0,0,0,0,0,0,0,0,1,0,0,0,0,0
200,1,8,106,79,0,0,0,0,0,0,0,8,0,0,0,0,0,0,1,2,0,0,5,6,0,0,0,0,11,12,13,14,1,2,0,0,5,6,0,8,0,0,11,12,13,14,0,0,0,0,0,0,0,0,0,0,0,0,1,0,0,0,0,0
201,1,8,107,76,0,0,0,0,0,0,0,8,0,0,0,0,0,0,1,2,0,0,5,6,0,0,9,0,11,0,13,14,1,2,0,0,5,6,0,8,9,0,11,0,13,14,0,0,0,0,0,0,0,0,0,0,0,0,1,0,0,0,0,0
202,1,8,225,207,0,0,0,0,0,0,0,8,0,0,0,0,0,0,0,0,0,0,0,6,0,0,9,0,0,0,0,14,0,0,0,0,0,6,0,8,9,0,0,0,0,14,0,0,0,0,0,0,0,0,0,0,0,0,1,0,0,0,0,0
203,1,8,222,209,0,0,0,0,0,0,0,8,0,0,0,0,0,0,0,0,0,0,0,6,0,0,0,0,0,12,0,14,0,0,0,0,0,6,0,8,0,0,0,12,0,14,0,0,0,0,0,0,0,0,0,0,0,0,1,0,0,0,0,0
204,1,8,218,208,0,0,0,0,0,0,0,8,0,0,0,0,0,0,0,0,0,0,0,0,0,0,9,0,0,12,0,14,0,0,0,0,0,0,0,8,9,0,0,12,0,14,0,0,0,0,0,0,0,0,0,0,0,0,1,0,0,0,0,0
205,1,8,139,119,0,0,0,0,0,0,0,8,0,0,0,0,0,0,1,2,0,0,5,6,0,0,0,0,11,0,13,14,1,2,0,0,5,6,0,8,0,0,11,0,13,14,0,0,0,0,0,0,0,0,0,0,0,0,1,0,0,0,0,0
206,1,8,138,105,0,0,0,0,0,0,0,8,0,0,0,0,0,0,1,2,0,0,5,0,0,0,9,0,11,0,13,14,1,2,0,0,5,0,0,8,9,0,11,0,13,14,0,0,0,0,0,0,0,0,0,0,0,0,1,0,0,0,0,0
207,1,8,140,104,0,0,0,0,0,0,0,8,0,0,0,0,0,0,1,2,0,0,5,0,0,0,0,0,11,12,13,14,1,2,0,0,5,0,0,8,0,0,11,12,13,14,0,0,0,0,0,0,0,0,0,0,0,0,1,0,0,0,0,0
208,1,8,161,134,0,0,0,0,0,0,0,8,0,0,0,0,0,0,0,2,0,0,5,0,0,0,0,0,11,12,13,14,0,2,0,0,5,0,0,8,0,0,11,12,13,14,0,0,0,0,0,0,0,0,0,0,0,0,1,0,0,0,0,0
209,1,8,194,178,0,0,0,0,0,0,0,8,0,0,0,0,0,0,0,2,0,0,5,6,0,0,0,0,11,0,0,14,0,2,0,0,5,6,0,8,0,0,11,0,0,14,0,0,0,0,0,0,0,0,0,0,0,0,1,0,0,0,0,0
210,1,8,206,193,0,0,0,0,0,0,0,8,0,0,0,0,0,0,0,2,0,0,5,0,0,0,0,0,11,0,0,14,0,2,0,0,5,0,0,8,0,0,11,0,0,14,0,0,0,0,0,0,0,0,0,0,0,0,1,0,0,0,0,0
211,1,8,136,109,0,0,0,0,0,0,0,8,0,0,0,0,0,0,0,2,0,0,5,6,0,0,9,0,11,0,13,14,0,2,0,0,5,6,0,8,9,0,11,0,13,14,0,0,0,0,0,0,0,0,0,0,0,0,1,0,0,0,0,0
212,1,8,133,100,0,0,0,0,0,0,0,8,0,0,0,0,0,0,0,2,0,0,5,0,0,0,9,0,11,12,13,14,0,2,0,0,5,0,0,8,9,0,11,12,13,14,0,0,0,0,0,0,0,0,0,0,0,0,1,0,0,0,0,0
213,1,8,137,103,0,0,0,0,0,0,0,8,0,0,0,0,0,0,0,2,0,0,5,6,0,0,0,0,11,12,13,14,0,2,0,0,5,6,0,8,0,0,11,12,13,14,0,0,0,0,0,0,0,0,0,0,0,0,1,0,0,0,0,0
214,1,8,143,113,0,0,0,0,0,0,0,8,0,0,0,0,0,0,0,2,0,0,5,6,0,0,9,0,11,12,0,14,0,2,0,0,5,6,0,8,9,0,11,12,0,14,0,0,0,0,0,0,0,0,0,0,0,0,1,0,0,0,0,0
215,1,8,184,164,0,0,0,0,0,0,0,8,0,0,0,0,0,0,0,2,0,0,5,0,0,0,0,0,11,12,0,14,0,2,0,0,5,0,0,8,0,0,11,12,0,14,0,0,0,0,0,0,0,0,0,0,0,0,1,0,0,0,0,0
216,1,8,182,162,0,0,0,0,0,0,0,8,0,0,0,0,0,0,0,2,0,0,5,0,0,0,0,0,11,0,13,14,0,2,0,0,5,0,0,8,0,0,11,0,13,14,0,0,0,0,0,0,0,0,0,0,0,0,1,0,0,0,0,0
217,1,8,204,185,0,0,0,0,0,0,0,8,0,0,0,0,0,0,0,0,0,0,0,6,0,0,9,0,0,12,0,14,0,0,0,0,0,6,0,8,9,0,0,12,0,14,0,0,0,0,0,0,0,0,0,0,0,0,1,0,0,0,0,0
218,1,8,172,147,0,0,0,0,0,0,0,8,0,0,0,0,0,0,1,2,0,0,5,0,0,0,0,0,11,0,13,14,1,2,0,0,5,0,0,8,0,0,11,0,13,14,0,0,0,0,0,0,0,0,0,0,0,0,1,0,0,0,0,0
219,1,8,14,231,0,0,0,0,0,0,0,8,0,0,0,0,0,0,0,0,0,0,0,0,0,0,0,0,0,0,0,14,0,0,0,0,0,0,0,8,0,0,0,0,0,14,0,0,0,0,0,0,0,0,0,0,0,0,1,0,0,0,0,0
220,1,8,192,175,0,0,0,0,0,0,0,8,0,0,0,0,0,0,0,2,0,0,5,0,0,0,9,0,11,0,0,14,0,2,0,0,5,0,0,8,9,0,11,0,0,14,0,0,0,0,0,0,0,0,0,0,0,0,1,0,0,0,0,0
221,1,8,165,150,0,0,0,0,0,0,0,8,0,0,0,0,0,0,0,2,0,0,5,6,0,0,9,0,11,0,0,14,0,2,0,0,5,6,0,8,9,0,11,0,0,14,0,0,0,0,0,0,0,0,0,0,0,0,1,0,0,0,0,0
222,1,8,166,142,0,0,0,0,0,0,0,8,0,0,0,0,0,0,0,2,0,0,5,6,0,0,0,0,11,0,13,14,0,2,0,0,5,6,0,8,0,0,11,0,13,14,0,0,0,0,0,0,0,0,0,0,0,0,1,0,0,0,0,0
223,1,8,163,135,0,0,0,0,0,0,0,8,0,0,0,0,0,0,0,2,0,0,5,0,0,0,9,0,11,0,13,14,0,2,0,0,5,0,0,8,9,0,11,0,13,14,0,0,0,0,0,0,0,0,0,0,0,0,1,0,0,0,0,0
224,1,8,174,146,0,0,0,0,0,0,0,8,0,0,0,0,0,0,0,2,0,0,5,6,0,0,0,0,11,12,0,14,0,2,0,0,5,6,0,8,0,0,11,12,0,14,0,0,0,0,0,0,0,0,0,0,0,0,1,0,0,0,0,0
225,1,8,173,145,0,0,0,0,0,0,0,8,0,0,0,0,0,0,0,2,0,0,5,0,0,0,9,0,11,12,0,14,0,2,0,0,5,0,0,8,9,0,11,12,0,14,0,0,0,0,0,0,0,0,0,0,0,0,1,0,0,0,0,0
226,1,9,34,21,0,0,0,0,0,0,0,0,9,0,0,0,0,0,0,2,3,4,5,6,7,8,0,0,11,12,13,14,0,2,3,4,5,6,7,8,9,0,11,12,13,14,0,0,0,0,0,0,0,0,0,0,0,0,0,1,0,0,0,0
227,1,9,43,24,0,0,0,0,0,0,0,0,9,0,0,0,0,0,0,2,3,4,5,6,7,8,0,10,11,12,0,14,0,2,3,4,5,6,7,8,9,10,11,12,0,14,0,0,0,0,0,0,0,0,0,0,0,0,0,1,0,0,0,0
228,1,9,35,27,0,0,0,0,0,0,0,0,9,0,0,0,0,0,0,2,3,4,5,6,7,8,0,10,11,0,13,14,0,2,3,4,5,6,7,8,9,10,11,0,13,14,0,0,0,0,0,0,0,0,0,0,0,0,0,1,0,0,0,0
229,1,9,194,165,0,0,0,0,0,0,0,0,9,0,0,0,0,0,0,2,0,0,5,6,0,0,0,0,11,0,0,14,0,2,0,0,5,6,0,0,9,0,11,0,0,14,0,0,0,0,0,0,0,0,0,0,0,0,0,1,0,0,0,0
230,1,9,184,173,0,0,0,0,0,0,0,0,9,0,0,0,0,0,0,2,0,0,5,0,0,0,0,0,11,12,0,14,0,2,0,0,5,0,0,0,9,0,11,12,0,14,0,0,0,0,0,0,0,0,0,0,0,0,0,1,0,0,0,0
231,1,9,172,138,0,0,0,0,0,0,0,0,9,0,0,0,0,0,1,2,0,0,5,0,0,0,0,0,11,0,13,14,1,2,0,0,5,0,0,0,9,0,11,0,13,14,0,0,0,0,0,0,0,0,0,0,0,0,0,1,0,0,0,0
232,1,9,174,143,0,0,0,0,0,0,0,0,9,0,0,0,0,0,0,2,0,0,5,6,0,0,0,0,11,12,0,14,0,2,0,0,5,6,0,0,9,0,11,12,0,14,0,0,0,0,0,0,0,0,0,0,0,0,0,1,0,0,0,0
233,1,9,179,160,0,0,0,0,0,0,0,0,9,0,0,0,0,0,0,0,3,4,0,6,7,8,0,0,0,0,0,14,0,0,3,4,0,6,7,8,9,0,0,0,0,14,0,0,0,0,0,0,0,0,0,0,0,0,0,1,0,0,0,0
234,1,9,206,192,0,0,0,0,0,0,0,0,9,0,0,0,0,0,0,2,0,0,5,0,0,0,0,0,11,0,0,14,0,2,0,0,5,0,0,0,9,0,11,0,0,14,0,0,0,0,0,0,0,0,0,0,0,0,0,1,0,0,0,0
235,1,9,23,18,0,0,0,0,0,0,0,0,9,0,0,0,0,0,1,2,3,4,5,6,7,8,0,0,11,12,13,14,1,2,3,4,5,6,7,8,9,0,11,12,13,14,0,0,0,0,0,0,0,0,0,0,0,0,0,1,0,0,0,0
236,1,9,26,19,0,0,0,0,0,0,0,0,9,0,0,0,0,0,1,2,3,4,5,6,7,8,0,10,11,0,13,14,1,2,3,4,5,6,7,8,9,10,11,0,13,14,0,0,0,0,0,0,0,0,0,0,0,0,0,1,0,0,0,0
237,1,9,20,16,0,0,0,0,0,0,0,0,9,0,0,0,0,0,0,2,3,4,5,6,7,8,0,10,11,12,13,14,0,2,3,4,5,6,7,8,9,10,11,12,13,14,0,0,0,0,0,0,0,0,0,0,0,0,0,1,0,0,0,0
238,1,9,177,155,0,0,0,0,0,0,0,0,9,0,0,0,0,0,0,0,3,4,0,0,7,8,0,0,0,12,0,14,0,0,3,4,0,0,7,8,9,0,0,12,0,14,0,0,0,0,0,0,0,0,0,0,0,0,0,1,0,0,0,0
239,1,9,111,96,0,0,0,0,0,0,0,0,9,0,0,0,0,0,0,0,3,4,0,6,7,8,0,10,0,12,0,14,0,0,3,4,0,6,7,8,9,10,0,12,0,14,0,0,0,0,0,0,0,0,0,0,0,0,0,1,0,0,0,0
240,1,9,131,99,0,0,0,0,0,0,0,0,9,0,0,0,0,0,0,2,3,4,5,0,7,8,0,0,11,0,0,14,0,2,3,4,5,0,7,8,9,0,11,0,0,14,0,0,0,0,0,0,0,0,0,0,0,0,0,1,0,0,0,0
241,1,9,106,73,0,0,0,0,0,0,0,0,9,0,0,0,0,0,1,2,0,0,5,6,0,0,0,0,11,12,13,14,1,2,0,0,5,6,0,0,9,0,11,12,13,14,0,0,0,0,0,0,0,0,0,0,0,0,0,1,0,0,0,0
242,1,9,198,181,0,0,0,0,0,0,0,0,9,0,0,0,0,0,0,0,3,4,0,0,7,8,0,0,0,0,0,14,0,0,3,4,0,0,7,8,9,0,0,0,0,14,0,0,0,0,0,0,0,0,0,0,0,0,0,1,0,0,0,0
243,1,9,166,136,0,0,0,0,0,0,0,0,9,0,0,0,0,0,0,2,0,0,5,6,0,0,0,0,11,0,13,14,0,2,0,0,5,6,0,0,9,0,11,0,13,14,0,0,0,0,0,0,0,0,0,0,0,0,0,1,0,0,0,0
244,1,9,161,133,0,0,0,0,0,0,0,0,9,0,0,0,0,0,0,2,0,0,5,0,0,0,0,0,11,12,13,14,0,2,0,0,5,0,0,0,9,0,11,12,13,14,0,0,0,0,0,0,0,0,0,0,0,0,0,1,0,0,0,0
245,1,9,182,163,0,0,0,0,0,0,0,0,9,0,0,0,0,0,0,2,0,0,5,0,0,0,0,0,11,0,13,14,0,2,0,0,5,0,0,0,9,0,11,0,13,14,0,0,0,0,0,0,0,0,0,0,0,0,0,1,0,0,0,0
246,1,9,54,41,0,0,0,0,0,0,0,0,9,0,0,0,0,0,1,2,3,4,5,0,7,8,0,0,11,0,13,14,1,2,3,4,5,0,7,8,9,0,11,0,13,14,0,0,0,0,0,0,0,0,0,0,0,0,0,1,0,0,0,0
247,1,9,68,40,0,0,0,0,0,0,0,0,9,0,0,0,0,0,0,2,3,4,5,6,7,8,0,0,11,12,0,14,0,2,3,4,5,6,7,8,9,0,11,12,0,14,0,0,0,0,0,0,0,0,0,0,0,0,0,1,0,0,0,0
248,1,9,64,44,0,0,0,0,0,0,0,0,9,0,0,0,0,0,0,2,3,4,5,6,7,8,0,10,11,0,0,14,0,2,3,4,5,6,7,8,9,10,11,0,0,14,0,0,0,0,0,0,0,0,0,0,0,0,0,1,0,0,0,0
249,1,9,140,102,0,0,0,0,0,0,0,0,9,0,0,0,0,0,1,2,0,0,5,0,0,0,0,0,11,12,13,14,1,2,0,0,5,0,0,0,9,0,11,12,13,14,0,0,0,0,0,0,0,0,0,0,0,0,0,1,0,0,0,0
250,1,9,151,126,0,0,0,0,0,0,0,0,9,0,0,0,0,0,0,0,3,4,0,6,7,8,0,0,0,12,0,14,0,0,3,4,0,6,7,8,9,0,0,12,0,14,0,0,0,0,0,0,0,0,0,0,0,0,0,1,0,0,0,0
251,1,9,137,101,0,0,0,0,0,0,0,0,9,0,0,0,0,0,0,2,0,0,5,6,0,0,0,0,11,12,13,14,0,2,0,0,5,6,0,0,9,0,11,12,13,14,0,0,0,0,0,0,0,0,0,0,0,0,0,1,0,0,0,0
252,1,9,232,225,0,0,0,0,0,0,0,0,9,0,0,0,0,0,0,0,0,0,0,6,0,0,0,0,0,0,0,14,0,0,0,0,0,6,0,0,9,0,0,0,0,14,0,0,0,0,0,0,0,0,0,0,0,0,0,1,0,0,0,0
253,1,9,157,132,0,0,0,0,0,0,0,0,9,0,0,0,0,0,0,0,3,4,0,6,7,8,0,10,0,0,0,14,0,0,3,4,0,6,7,8,9,10,0,0,0,14,0,0,0,0,0,0,0,0,0,0,0,0,0,1,0,0,0,0
254,1,9,228,218,0,0,0,0,0,0,0,0,9,0,0,0,0,0,0,0,0,0,0,0,0,0,0,0,0,12,0,14,0,0,0,0,0,0,0,0,9,0,0,12,0,14,0,0,0,0,0,0,0,0,0,0,0,0,0,1,0,0,0,0
255,1,9,59,36,0,0,0,0,0,0,0,0,9,0,0,0,0,0,0,2,3,4,5,6,7,8,0,0,11,0,13,14,0,2,3,4,5,6,7,8,9,0,11,0,13,14,0,0,0,0,0,0,0,0,0,0,0,0,0,1,0,0,0,0
256,1,9,51,30,0,0,0,0,0,0,0,0,9,0,0,0,0,0,0,2,3,4,5,0,7,8,0,0,11,12,13,14,0,2,3,4,5,0,7,8,9,0,11,12,13,14,0,0,0,0,0,0,0,0,0,0,0,0,0,1,0,0,0,0
257,1,9,72,58,0,0,0,0,0,0,0,0,9,0,0,0,0,0,0,2,3,4,5,0,7,8,0,0,11,0,13,14,0,2,3,4,5,0,7,8,9,0,11,0,13,14,0,0,0,0,0,0,0,0,0,0,0,0,0,1,0,0,0,0
258,1,9,222,204,0,0,0,0,0,0,0,0,9,0,0,0,0,0,0,0,0,0,0,6,0,0,0,0,0,12,0,14,0,0,0,0,0,6,0,0,9,0,0,12,0,14,0,0,0,0,0,0,0,0,0,0,0,0,0,1,0,0,0,0
259,1,9,17,15,0,0,0,0,0,0,0,0,9,0,0,0,0,0,1,2,3,4,5,6,7,8,0,10,11,12,13,14,1,2,3,4,5,6,7,8,9,10,11,12,13,14,0,0,0,0,0,0,0,0,0,0,0,0,0,1,0,0,0,0
260,1,9,14,230,0,0,0,0,0,0,0,0,9,0,0,0,0,0,0,0,0,0,0,0,0,0,0,0,0,0,0,14,0,0,0,0,0,0,0,0,9,0,0,0,0,14,0,0,0,0,0,0,0,0,0,0,0,0,0,1,0,0,0,0
261,1,9,42,28,0,0,0,0,0,0,0,0,9,0,0,0,0,0,1,2,3,4,5,6,7,8,0,0,11,0,13,14,1,2,3,4,5,6,7,8,9,0,11,0,13,14,0,0,0,0,0,0,0,0,0,0,0,0,0,1,0,0,0,0
262,1,9,139,107,0,0,0,0,0,0,0,0,9,0,0,0,0,0,1,2,0,0,5,6,0,0,0,0,11,0,13,14,1,2,0,0,5,6,0,0,9,0,11,0,13,14,0,0,0,0,0,0,0,0,0,0,0,0,0,1,0,0,0,0
263,1,9,32,25,0,0,0,0,0,0,0,0,9,0,0,0,0,0,1,2,3,4,5,0,7,8,0,0,11,12,13,14,1,2,3,4,5,0,7,8,9,0,11,12,13,14,0,0,0,0,0,0,0,0,0,0,0,0,0,1,0,0,0,0
264,1,9,98,67,0,0,0,0,0,0,0,0,9,0,0,0,0,0,0,2,3,4,5,6,7,8,0,0,11,0,0,14,0,2,3,4,5,6,7,8,9,0,11,0,0,14,0,0,0,0,0,0,0,0,0,0,0,0,0,1,0,0,0,0
265,1,9,80,65,0,0,0,0,0,0,0,0,9,0,0,0,0,0,0,2,3,4,5,0,7,8,0,0,11,12,0,14,0,2,3,4,5,0,7,8,9,0,11,12,0,14,0,0,0,0,0,0,0,0,0,0,0,0,0,1,0,0,0,0
266,1,10,98,64,0,0,0,0,0,0,0,0,0,10,0,0,0,0,0,2,3,4,5,6,7,8,0,0,11,0,0,14,0,2,3,4,5,6,7,8,0,10,11,0,0,14,0,0,0,0,0,0,0,0,0,1,0,0,0,0,1,0,0,0
267,1,10,18,15,0,0,0,0,0,0,0,0,0,10,0,0,0,0,1,2,3,4,5,6,7,8,9,0,11,12,13,14,1,2,3,4,5,6,7,8,9,10,11,12,13,14,0,0,0,0,0,0,0,0,0,1,0,0,0,0,1,0,0,0
268,1,10,160,132,0,0,0,0,0,0,0,0,0,10,0,0,0,0,0,0,3,4,0,6,7,8,9,0,0,0,0,14,0,0,3,4,0,6,7,8,9,10,0,0,0,14,0,0,0,0,0,0,0,0,0,1,0,0,0,0,1,0,0,0
269,1,10,23,17,0,0,0,0,0,0,0,0,0,10,0,0,0,0,1,2,3,4,5,6,7,8,0,0,11,12,13,14,1,2,3,4,5,6,7,8,0,10,11,12,13,14,0,0,0,0,0,0,0,0,0,1,0,0,0,0,1,0,0,0
270,1,10,28,19,0,0,0,0,0,0,0,0,0,10,0,0,0,0,1,2,3,4,5,6,7,8,9,0,11,0,13,14,1,2,3,4,5,6,7,8,9,10,11,0,13,14,0,0,0,0,0,0,0,0,0,1,0,0,0,0,1,0,0,0
271,1,10,151,111,0,0,0,0,0,0,0,0,0,10,0,0,0,0,0,0,3,4,0,6,7,8,0,0,0,12,0,14,0,0,3,4,0,6,7,8,0,10,0,12,0,14,0,0,0,0,0,0,0,0,0,1,0,0,0,0,1,0,0,0
272,1,10,21,16,0,0,0,0,0,0,0,0,0,10,0,0,0,0,0,2,3,4,5,6,7,8,9,0,11,12,13,14,0,2,3,4,5,6,7,8,9,10,11,12,13,14,0,0,0,0,0,0,0,0,0,1,0,0,0,0,1,0,0,0
273,1,10,36,27,0,0,0,0,0,0,0,0,0,10,0,0,0,0,0,2,3,4,5,6,7,8,9,0,11,0,13,14,0,2,3,4,5,6,7,8,9,10,11,0,13,14,0,0,0,0,0,0,0,0,0,1,0,0,0,0,1,0,0,0
274,1,10,40,24,0,0,0,0,0,0,0,0,0,10,0,0,0,0,0,2,3,4,5,6,7,8,9,0,11,12,0,14,0,2,3,4,5,6,7,8,9,10,11,12,0,14,0,0,0,0,0,0,0,0,0,1,0,0,0,0,1,0,0,0
275,1,10,34,20,0,0,0,0,0,0,0,0,0,10,0,0,0,0,0,2,3,4,5,6,7,8,0,0,11,12,13,14,0,2,3,4,5,6,7,8,0,10,11,12,13,14,0,0,0,0,0,0,0,0,0,1,0,0,0,0,1,0,0,0
276,1,10,126,96,0,0,0,0,0,0,0,0,0,10,0,0,0,0,0,0,3,4,0,6,7,8,9,0,0,12,0,14,0,0,3,4,0,6,7,8,9,10,0,12,0,14,0,0,0,0,0,0,0,0,0,1,0,0,0,0,1,0,0,0
277,1,10,179,157,0,0,0,0,0,0,0,0,0,10,0,0,0,0,0,0,3,4,0,6,7,8,0,0,0,0,0,14,0,0,3,4,0,6,7,8,0,10,0,0,0,14,0,0,0,0,0,0,0,0,0,1,0,0,0,0,1,0,0,0
278,1,10,59,35,0,0,0,0,0,0,0,0,0,10,0,0,0,0,0,2,3,4,5,6,7,8,0,0,11,0,13,14,0,2,3,4,5,6,7,8,0,10,11,0,13,14,0,0,0,0,0,0,0,0,0,1,0,0,0,0,1,0,0,0
279,1,10,42,26,0,0,0,0,0,0,0,0,0,10,0,0,0,0,1,2,3,4,5,6,7,8,0,0,11,0,13,14,1,2,3,4,5,6,7,8,0,10,11,0,13,14,0,0,0,0,0,0,0,0,0,1,0,0,0,0,1,0,0,0
280,1,10,67,44,0,0,0,0,0,0,0,0,0,10,0,0,0,0,0,2,3,4,5,6,7,8,9,0,11,0,0,14,0,2,3,4,5,6,7,8,9,10,11,0,0,14,0,0,0,0,0,0,0,0,0,1,0,0,0,0,1,0,0,0
281,1,10,68,43,0,0,0,0,0,0,0,0,0,10,0,0,0,0,0,2,3,4,5,6,7,8,0,0,11,12,0,14,0,2,3,4,5,6,7,8,0,10,11,12,0,14,0,0,0,0,0,0,0,0,0,1,0,0,0,0,1,0,0,0
282,1,11,230,220,0,0,0,0,0,0,0,0,0,0,11,0,0,0,0,0,0,0,0,0,0,0,9,0,0,0,0,14,0,0,0,0,0,0,0,0,9,0,11,0,0,14,0,0,0,0,0,0,0,0,0,0,0,0,0,0,0,0,1,0
283,1,11,228,216,0,0,0,0,0,0,0,0,0,0,11,0,0,0,0,0,0,0,0,0,0,0,0,0,0,12,0,14,0,0,0,0,0,0,0,0,0,0,11,12,0,14,0,0,0,0,0,0,0,0,0,0,0,0,0,0,0,0,1,0
284,1,11,232,219,0,0,0,0,0,0,0,0,0,0,11,0,0,0,0,0,0,0,0,6,0,0,0,0,0,0,0,14,0,0,0,0,0,6,0,0,0,0,11,0,0,14,0,0,0,0,0,0,0,0,0,0,0,0,0,0,0,0,1,0
285,1,11,96,63,0,0,0,0,0,0,0,0,0,0,11,0,0,0,0,0,3,4,0,6,7,8,9,10,0,12,0,14,0,0,3,4,0,6,7,8,9,10,11,12,0,14,0,0,0,0,0,0,0,0,0,0,0,0,0,0,0,0,1,0
286,1,11,198,176,0,0,0,0,0,0,0,0,0,0,11,0,0,0,0,0,3,4,0,0,7,8,0,0,0,0,0,14,0,0,3,4,0,0,7,8,0,0,11,0,0,14,0,0,0,0,0,0,0,0,0,0,0,0,0,0,0,0,1,0
287,1,11,14,229,0,0,0,0,0,0,0,0,0,0,11,0,0,0,0,0,0,0,0,0,0,0,0,0,0,0,0,14,0,0,0,0,0,0,0,0,0,0,11,0,0,14,0,0,0,0,0,0,0,0,0,0,0,0,0,0,0,0,1,0
288,1,11,225,205,0,0,0,0,0,0,0,0,0,0,11,0,0,0,0,0,0,0,0,6,0,0,9,0,0,0,0,14,0,0,0,0,0,6,0,0,9,0,11,0,0,14,0,0,0,0,0,0,0,0,0,0,0,0,0,0,0,0,1,0
289,1,11,177,149,0,0,0,0,0,0,0,0,0,0,11,0,0,0,0,0,3,4,0,0,7,8,0,0,0,12,0,14,0,0,3,4,0,0,7,8,0,0,11,12,0,14,0,0,0,0,0,0,0,0,0,0,0,0,0,0,0,0,1,0
290,1,11,179,156,0,0,0,0,0,0,0,0,0,0,11,0,0,0,0,0,3,4,0,6,7,8,0,0,0,0,0,14,0,0,3,4,0,6,7,8,0,0,11,0,0,14,0,0,0,0,0,0,0,0,0,0,0,0,0,0,0,0,1,0
291,1,11,181,152,0,0,0,0,0,0,0,0,0,0,11,0,0,0,0,0,3,4,0,0,7,8,9,0,0,0,0,14,0,0,3,4,0,0,7,8,9,0,11,0,0,14,0,0,0,0,0,0,0,0,0,0,0,0,0,0,0,0,1,0
292,1,11,222,202,0,0,0,0,0,0,0,0,0,0,11,0,0,0,0,0,0,0,0,6,0,0,0,0,0,12,0,14,0,0,0,0,0,6,0,0,0,0,11,12,0,14,0,0,0,0,0,0,0,0,0,0,0,0,0,0,0,0,1,0
293,1,11,151,125,0,0,0,0,0,0,0,0,0,0,11,0,0,0,0,0,3,4,0,6,7,8,0,0,0,12,0,14,0,0,3,4,0,6,7,8,0,0,11,12,0,14,0,0,0,0,0,0,0,0,0,0,0,0,0,0,0,0,1,0
294,1,11,160,114,0,0,0,0,0,0,0,0,0,0,11,0,0,0,0,0,3,4,0,6,7,8,9,0,0,0,0,14,0,0,3,4,0,6,7,8,9,0,11,0,0,14,0,0,0,0,0,0,0,0,0,0,0,0,0,0,0,0,1,0
295,1,11,155,120,0,0,0,0,0,0,0,0,0,0,11,0,0,0,0,0,3,4,0,0,7,8,9,0,0,12,0,14,0,0,3,4,0,0,7,8,9,0,11,12,0,14,0,0,0,0,0,0,0,0,0,0,0,0,0,0,0,0,1,0
296,1,11,218,200,0,0,0,0,0,0,0,0,0,0,11,0,0,0,0,0,0,0,0,0,0,0,9,0,0,12,0,14,0,0,0,0,0,0,0,0,9,0,11,12,0,14,0,0,0,0,0,0,0,0,0,0,0,0,0,0,0,0,1,0
297,1,11,157,129,0,0,0,0,0,0,0,0,0,0,11,0,0,0,0,0,3,4,0,6,7,8,0,10,0,0,0,14,0,0,3,4,0,6,7,8,0,10,11,0,0,14,0,0,0,0,0,0,0,0,0,0,0,0,0,0,0,0,1,0
298,1,11,111,89,0,0,0,0,0,0,0,0,0,0,11,0,0,0,0,0,3,4,0,6,7,8,0,10,0,12,0,14,0,0,3,4,0,6,7,8,0,10,11,12,0,14,0,0,0,0,0,0,0,0,0,0,0,0,0,0,0,0,1,0
299,1,11,204,183,0,0,0,0,0,0,0,0,0,0,11,0,0,0,0,0,0,0,0,6,0,0,9,0,0,12,0,14,0,0,0,0,0,6,0,0,9,0,11,12,0,14,0,0,0,0,0,0,0,0,0,0,0,0,0,0,0,0,1,0
300,1,11,126,83,0,0,0,0,0,0,0,0,0,0,11,0,0,0,0,0,3,4,0,6,7,8,9,0,0,12,0,14,0,0,3,4,0,6,7,8,9,0,11,12,0,14,0,0,0,0,0,0,0,0,0,0,0,0,0,0,0,0,1,0
301,1,11,132,82,0,0,0,0,0,0,0,0,0,0,11,0,0,0,0,0,3,4,0,6,7,8,9,10,0,0,0,14,0,0,3,4,0,6,7,8,9,10,11,0,0,14,0,0,0,0,0,0,0,0,0,0,0,0,0,0,0,0,1,0
302,1,12,58,30,0,0,0,0,0,0,0,0,0,0,0,12,0,0,0,2,3,4,5,0,7,8,9,0,11,0,13,14,0,2,3,4,5,0,7,8,9,0,11,12,13,14,0,0,0,0,0,0,0,0,0,0,0,0,0,0,0,0,0,1
303,1,12,59,34,0,0,0,0,0,0,0,0,0,0,0,12,0,0,0,2,3,4,5,6,7,8,0,0,11,0,13,14,0,2,3,4,5,6,7,8,0,0,11,12,13,14,0,0,0,0,0,0,0,0,0,0,0,0,0,0,0,0,0,1
304,1,12,19,15,0,0,0,0,0,0,0,0,0,0,0,12,0,0,1,2,3,4,5,6,7,8,9,10,11,0,13,14,1,2,3,4,5,6,7,8,9,10,11,12,13,14,0,0,0,0,0,0,0,0,0,0,0,0,0,0,0,0,0,1
305,1,12,41,25,0,0,0,0,0,0,0,0,0,0,0,12,0,0,1,2,3,4,5,0,7,8,9,0,11,0,13,14,1,2,3,4,5,0,7,8,9,0,11,12,13,14,0,0,0,0,0,0,0,0,0,0,0,0,0,0,0,0,0,1
306,1,12,35,20,0,0,0,0,0,0,0,0,0,0,0,12,0,0,0,2,3,4,5,6,7,8,0,10,11,0,13,14,0,2,3,4,5,6,7,8,0,10,11,12,13,14,0,0,0,0,0,0,0,0,0,0,0,0,0,0,0,0,0,1
307,1,12,232,222,0,0,0,0,0,0,0,0,0,0,0,12,0,0,0,0,0,0,0,6,0,0,0,0,0,0,0,14,0,0,0,0,0,6,0,0,0,0,0,12,0,14,0,0,0,0,0,0,0,0,0,0,0,0,0,0,0,0,0,1
308,1,12,44,24,0,0,0,0,0,0,0,0,0,0,0,12,0,0,0,2,3,4,5,6,7,8,9,10,11,0,0,14,0,2,3,4,5,6,7,8,9,10,11,12,0,14,0,0,0,0,0,0,0,0,0,0,0,0,0,0,0,0,0,1
309,1,12,36,21,0,0,0,0,0,0,0,0,0,0,0,12,0,0,0,2,3,4,5,6,7,8,9,0,11,0,13,14,0,2,3,4,5,6,7,8,9,0,11,12,13,14,0,0,0,0,0,0,0,0,0,0,0,0,0,0,0,0,0,1
310,1,12,14,228,0,0,0,0,0,0,0,0,0,0,0,12,0,0,0,0,0,0,0,0,0,0,0,0,0,0,0,14,0,0,0,0,0,0,0,0,0,0,0,12,0,14,0,0,0,0,0,0,0,0,0,0,0,0,0,0,0,0,0,1
311,1,12,26,17,0,0,0,0,0,0,0,0,0,0,0,12,0,0,1,2,3,4,5,6,7,8,0,10,11,0,13,14,1,2,3,4,5,6,7,8,0,10,11,12,13,14,0,0,0,0,0,0,0,0,0,0,0,0,0,0,0,0,0,1
312,1,12,42,23,0,0,0,0,0,0,0,0,0,0,0,12,0,0,1,2,3,4,5,6,7,8,0,0,11,0,13,14,1,2,3,4,5,6,7,8,0,0,11,12,13,14,0,0,0,0,0,0,0,0,0,0,0,0,0,0,0,0,0,1
313,1,12,27,16,0,0,0,0,0,0,0,0,0,0,0,12,0,0,0,2,3,4,5,6,7,8,9,10,11,0,13,14,0,2,3,4,5,6,7,8,9,10,11,12,13,14,0,0,0,0,0,0,0,0,0,0,0,0,0,0,0,0,0,1
314,1,12,67,40,0,0,0,0,0,0,0,0,0,0,0,12,0,0,0,2,3,4,5,6,7,8,9,0,11,0,0,14,0,2,3,4,5,6,7,8,9,0,11,12,0,14,0,0,0,0,0,0,0,0,0,0,0,0,0,0,0,0,0,1
315,1,12,64,43,0,0,0,0,0,0,0,0,0,0,0,12,0,0,0,2,3,4,5,6,7,8,0,10,11,0,0,14,0,2,3,4,5,6,7,8,0,10,11,12,0,14,0,0,0,0,0,0,0,0,0,0,0,0,0,0,0,0,0,1
316,1,12,28,18,0,0,0,0,0,0,0,0,0,0,0,12,0,0,1,2,3,4,5,6,7,8,9,0,11,0,13,14,1,2,3,4,5,6,7,8,9,0,11,12,13,14,0,0,0,0,0,0,0,0,0,0,0,0,0,0,0,0,0,1
317,1,12,54,32,0,0,0,0,0,0,0,0,0,0,0,12,0,0,1,2,3,4,5,0,7,8,0,0,11,0,13,14,1,2,3,4,5,0,7,8,0,0,11,12,13,14,0,0,0,0,0,0,0,0,0,0,0,0,0,0,0,0,0,1
318,1,12,194,174,0,0,0,0,0,0,0,0,0,0,0,12,0,0,0,2,0,0,5,6,0,0,0,0,11,0,0,14,0,2,0,0,5,6,0,0,0,0,11,12,0,14,0,0,0,0,0,0,0,0,0,0,0,0,0,0,0,0,0,1
319,1,12,192,173,0,0,0,0,0,0,0,0,0,0,0,12,0,0,0,2,0,0,5,0,0,0,9,0,11,0,0,14,0,2,0,0,5,0,0,0,9,0,11,12,0,14,0,0,0,0,0,0,0,0,0,0,0,0,0,0,0,0,0,1
320,1,12,198,177,0,0,0,0,0,0,0,0,0,0,0,12,0,0,0,0,3,4,0,0,7,8,0,0,0,0,0,14,0,0,3,4,0,0,7,8,0,0,0,12,0,14,0,0,0,0,0,0,0,0,0,0,0,0,0,0,0,0,0,1
321,1,12,160,126,0,0,0,0,0,0,0,0,0,0,0,12,0,0,0,0,3,4,0,6,7,8,9,0,0,0,0,14,0,0,3,4,0,6,7,8,9,0,0,12,0,14,0,0,0,0,0,0,0,0,0,0,0,0,0,0,0,0,0,1
322,1,12,98,68,0,0,0,0,0,0,0,0,0,0,0,12,0,0,0,2,3,4,5,6,7,8,0,0,11,0,0,14,0,2,3,4,5,6,7,8,0,0,11,12,0,14,0,0,0,0,0,0,0,0,0,0,0,0,0,0,0,0,0,1
323,1,12,230,218,0,0,0,0,0,0,0,0,0,0,0,12,0,0,0,0,0,0,0,0,0,0,9,0,0,0,0,14,0,0,0,0,0,0,0,0,9,0,0,12,0,14,0,0,0,0,0,0,0,0,0,0,0,0,0,0,0,0,0,1
324,1,12,138,102,0,0,0,0,0,0,0,0,0,0,0,12,0,0,1,2,0,0,5,0,0,0,9,0,11,0,13,14,1,2,0,0,5,0,0,0,9,0,11,12,13,14,0,0,0,0,0,0,0,0,0,0,0,0,0,0,0,0,0,1
325,1,12,225,204,0,0,0,0,0,0,0,0,0,0,0,12,0,0,0,0,0,0,0,6,0,0,9,0,0,0,0,14,0,0,0,0,0,6,0,0,9,0,0,12,0,14,0,0,0,0,0,0,0,0,0,0,0,0,0,0,0,0,0,1
326,1,12,136,101,0,0,0,0,0,0,0,0,0,0,0,12,0,0,0,2,0,0,5,6,0,0,9,0,11,0,13,14,0,2,0,0,5,6,0,0,9,0,11,12,13,14,0,0,0,0,0,0,0,0,0,0,0,0,0,0,0,0,0,1
327,1,12,157,111,0,0,0,0,0,0,0,0,0,0,0,12,0,0,0,0,3,4,0,6,7,8,0,10,0,0,0,14,0,0,3,4,0,6,7,8,0,10,0,12,0,14,0,0,0,0,0,0,0,0,0,0,0,0,0,0,0,0,0,1
328,1,12,107,73,0,0,0,0,0,0,0,0,0,0,0,12,0,0,1,2,0,0,5,6,0,0,9,0,11,0,13,14,1,2,0,0,5,6,0,0,9,0,11,12,13,14,0,0,0,0,0,0,0,0,0,0,0,0,0,0,0,0,0,1
329,1,12,182,161,0,0,0,0,0,0,0,0,0,0,0,12,0,0,0,2,0,0,5,0,0,0,0,0,11,0,13,14,0,2,0,0,5,0,0,0,0,0,11,12,13,14,0,0,0,0,0,0,0,0,0,0,0,0,0,0,0,0,0,1
330,1,12,132,96,0,0,0,0,0,0,0,0,0,0,0,12,0,0,0,0,3,4,0,6,7,8,9,10,0,0,0,14,0,0,3,4,0,6,7,8,9,10,0,12,0,14,0,0,0,0,0,0,0,0,0,0,0,0,0,0,0,0,0,1
331,1,12,131,80,0,0,0,0,0,0,0,0,0,0,0,12,0,0,0,2,3,4,5,0,7,8,0,0,11,0,0,14,0,2,3,4,5,0,7,8,0,0,11,12,0,14,0,0,0,0,0,0,0,0,0,0,0,0,0,0,0,0,0,1
332,1,12,99,65,0,0,0,0,0,0,0,0,0,0,0,12,0,0,0,2,3,4,5,0,7,8,9,0,11,0,0,14,0,2,3,4,5,0,7,8,9,0,11,12,0,14,0,0,0,0,0,0,0,0,0,0,0,0,0,0,0,0,0,1
333,1,12,165,143,0,0,0,0,0,0,0,0,0,0,0,12,0,0,0,2,0,0,5,6,0,0,9,0,11,0,0,14,0,2,0,0,5,6,0,0,9,0,11,12,0,14,0,0,0,0,0,0,0,0,0,0,0,0,0,0,0,0,0,1
334,1,12,172,140,0,0,0,0,0,0,0,0,0,0,0,12,0,0,1,2,0,0,5,0,0,0,0,0,11,0,13,14,1,2,0,0,5,0,0,0,0,0,11,12,13,14,0,0,0,0,0,0,0,0,0,0,0,0,0,0,0,0,0,1
335,1,12,179,151,0,0,0,0,0,0,0,0,0,0,0,12,0,0,0,0,3,4,0,6,7,8,0,0,0,0,0,14,0,0,3,4,0,6,7,8,0,0,0,12,0,14,0,0,0,0,0,0,0,0,0,0,0,0,0,0,0,0,0,1
336,1,12,163,133,0,0,0,0,0,0,0,0,0,0,0,12,0,0,0,2,0,0,5,0,0,0,9,0,11,0,13,14,0,2,0,0,5,0,0,0,9,0,11,12,13,14,0,0,0,0,0,0,0,0,0,0,0,0,0,0,0,0,0,1
337,1,12,166,137,0,0,0,0,0,0,0,0,0,0,0,12,0,0,0,2,0,0,5,6,0,0,0,0,11,0,13,14,0,2,0,0,5,6,0,0,0,0,11,12,13,14,0,0,0,0,0,0,0,0,0,0,0,0,0,0,0,0,0,1
338,1,12,72,51,0,0,0,0,0,0,0,0,0,0,0,12,0,0,0,2,3,4,5,0,7,8,0,0,11,0,13,14,0,2,3,4,5,0,7,8,0,0,11,12,13,14,0,0,0,0,0,0,0,0,0,0,0,0,0,0,0,0,0,1
339,1,12,139,106,0,0,0,0,0,0,0,0,0,0,0,12,0,0,1,2,0,0,5,6,0,0,0,0,11,0,13,14,1,2,0,0,5,6,0,0,0,0,11,12,13,14,0,0,0,0,0,0,0,0,0,0,0,0,0,0,0,0,0,1
340,1,12,206,184,0,0,0,0,0,0,0,0,0,0,0,12,0,0,0,2,0,0,5,0,0,0,0,0,11,0,0,14,0,2,0,0,5,0,0,0,0,0,11,12,0,14,0,0,0,0,0,0,0,0,0,0,0,0,0,0,0,0,0,1
341,1,12,181,155,0,0,0,0,0,0,0,0,0,0,0,12,0,0,0,0,3,4,0,0,7,8,9,0,0,0,0,14,0,0,3,4,0,0,7,8,9,0,0,12,0,14,0,0,0,0,0,0,0,0,0,0,0,0,0,0,0,0,0,1
342,1,13,65,30,0,0,0,0,0,0,0,0,0,0,0,0,13,0,0,2,3,4,5,0,7,8,9,0,11,12,0,14,0,2,3,4,5,0,7,8,9,0,11,12,13,14,0,0,1,0,0,0,0,0,0,0,0,0,0,0,0,1,0,0
343,1,13,64,35,0,0,0,0,0,0,0,0,0,0,0,0,13,0,0,2,3,4,5,6,7,8,0,10,11,0,0,14,0,2,3,4,5,6,7,8,0,10,11,0,13,14,0,0,1,0,0,0,0,0,0,0,0,0,0,0,0,1,0,0
344,1,13,143,101,0,0,0,0,0,0,0,0,0,0,0,0,13,0,0,2,0,0,5,6,0,0,9,0,11,12,0,14,0,2,0,0,5,6,0,0,9,0,11,12,13,14,0,0,1,0,0,0,0,0,0,0,0,0,0,0,0,1,0,0
345,1,13,67,36,0,0,0,0,0,0,0,0,0,0,0,0,13,0,0,2,3,4,5,6,7,8,9,0,11,0,0,14,0,2,3,4,5,6,7,8,9,0,11,0,13,14,0,0,1,0,0,0,0,0,0,0,0,0,0,0,0,1,0,0
346,1,13,68,34,0,0,0,0,0,0,0,0,0,0,0,0,13,0,0,2,3,4,5,6,7,8,0,0,11,12,0,14,0,2,3,4,5,6,7,8,0,0,11,12,13,14,0,0,1,0,0,0,0,0,0,0,0,0,0,0,0,1,0,0
347,1,13,44,27,0,0,0,0,0,0,0,0,0,0,0,0,13,0,0,2,3,4,5,6,7,8,9,10,11,0,0,14,0,2,3,4,5,6,7,8,9,10,11,0,13,14,0,0,1,0,0,0,0,0,0,0,0,0,0,0,0,1,0,0
348,1,13,206,182,0,0,0,0,0,0,0,0,0,0,0,0,13,0,0,2,0,0,5,0,0,0,0,0,11,0,0,14,0,2,0,0,5,0,0,0,0,0,11,0,13,14,0,0,1,0,0,0,0,0,0,0,0,0,0,0,0,1,0,0
349,1,13,40,21,0,0,0,0,0,0,0,0,0,0,0,0,13,0,0,2,3,4,5,6,7,8,9,0,11,12,0,14,0,2,3,4,5,6,7,8,9,0,11,12,13,14,0,0,1,0,0,0,0,0,0,0,0,0,0,0,0,1,0,0
350,1,13,43,20,0,0,0,0,0,0,0,0,0,0,0,0,13,0,0,2,3,4,5,6,7,8,0,10,11,12,0,14,0,2,3,4,5,6,7,8,0,10,11,12,13,14,0,0,1,0,0,0,0,0,0,0,0,0,0,0,0,1,0,0
351,1,13,165,136,0,0,0,0,0,0,0,0,0,0,0,0,13,0,0,2,0,0,5,6,0,0,9,0,11,0,0,14,0,2,0,0,5,6,0,0,9,0,11,0,13,14,0,0,1,0,0,0,0,0,0,0,0,0,0,0,0,1,0,0
352,1,13,174,137,0,0,0,0,0,0,0,0,0,0,0,0,13,0,0,2,0,0,5,6,0,0,0,0,11,12,0,14,0,2,0,0,5,6,0,0,0,0,11,12,13,14,0,0,1,0,0,0,0,0,0,0,0,0,0,0,0,1,0,0
353,1,13,173,133,0,0,0,0,0,0,0,0,0,0,0,0,13,0,0,2,0,0,5,0,0,0,9,0,11,12,0,14,0,2,0,0,5,0,0,0,9,0,11,12,13,14,0,0,1,0,0,0,0,0,0,0,0,0,0,0,0,1,0,0
354,1,13,184,161,0,0,0,0,0,0,0,0,0,0,0,0,13,0,0,2,0,0,5,0,0,0,0,0,11,12,0,14,0,2,0,0,5,0,0,0,0,0,11,12,13,14,0,0,1,0,0,0,0,0,0,0,0,0,0,0,0,1,0,0
355,1,13,98,59,0,0,0,0,0,0,0,0,0,0,0,0,13,0,0,2,3,4,5,6,7,8,0,0,11,0,0,14,0,2,3,4,5,6,7,8,0,0,11,0,13,14,0,0,1,0,0,0,0,0,0,0,0,0,0,0,0,1,0,0
356,1,13,24,16,0,0,0,0,0,0,0,0,0,0,0,0,13,0,0,2,3,4,5,6,7,8,9,10,11,12,0,14,0,2,3,4,5,6,7,8,9,10,11,12,13,14,0,0,1,0,0,0,0,0,0,0,0,0,0,0,0,1,0,0
357,1,13,194,166,0,0,0,0,0,0,0,0,0,0,0,0,13,0,0,2,0,0,5,6,0,0,0,0,11,0,0,14,0,2,0,0,5,6,0,0,0,0,11,0,13,14,0,0,1,0,0,0,0,0,0,0,0,0,0,0,0,1,0,0
358,1,13,131,72,0,0,0,0,0,0,0,0,0,0,0,0,13,0,0,2,3,4,5,0,7,8,0,0,11,0,0,14,0,2,3,4,5,0,7,8,0,0,11,0,13,14,0,0,1,0,0,0,0,0,0,0,0,0,0,0,0,1,0,0
359,1,13,227,215,0,0,0,0,0,0,0,0,0,0,0,0,13,0,0,2,0,0,5,0,0,0,0,0,11,0,0,0,0,2,0,0,5,0,0,0,0,0,11,0,13,0,0,0,1,0,0,0,0,0,0,0,0,0,0,0,0,1,0,0
360,1,13,80,51,0,0,0,0,0,0,0,0,0,0,0,0,13,0,0,2,3,4,5,0,7,8,0,0,11,12,0,14,0,2,3,4,5,0,7,8,0,0,11,12,13,14,0,0,1,0,0,0,0,0,0,0,0,0,0,0,0,1,0,0
361,1,13,99,58,0,0,0,0,0,0,0,0,0,0,0,0,13,0,0,2,3,4,5,0,7,8,9,0,11,0,0,14,0,2,3,4,5,0,7,8,9,0,11,0,13,14,0,0,1,0,0,0,0,0,0,0,0,0,0,0,0,1,0,0
362,1,13,192,163,0,0,0,0,0,0,0,0,0,0,0,0,13,0,0,2,0,0,5,0,0,0,9,0,11,0,0,14,0,2,0,0,5,0,0,0,9,0,11,0,13,14,0,0,1,0,0,0,0,0,0,0,0,0,0,0,0,1,0,0
363,1,14,199,172,0,0,0,0,0,0,0,0,0,0,0,0,0,14,1,2,0,0,5,0,0,0,0,0,11,0,13,0,1,2,0,0,5,0,0,0,0,0,11,0,13,14,0,0,0,1,0,0,0,0,1,0,0,0,0,0,0,0,1,0
364,1,14,227,206,0,0,0,0,0,0,0,0,0,0,0,0,0,14,0,2,0,0,5,0,0,0,0,0,11,0,0,0,0,2,0,0,5,0,0,0,0,0,11,0,0,14,0,0,0,1,0,0,0,0,1,0,0,0,0,0,0,0,1,0
365,1,14,215,182,0,0,0,0,0,0,0,0,0,0,0,0,0,14,0,2,0,0,5,0,0,0,0,0,11,0,13,0,0,2,0,0,5,0,0,0,0,0,11,0,13,14,0,0,0,1,0,0,0,0,1,0,0,0,0,0,0,0,1,0
366,1,199,198,54,1,2,0,0,5,0,0,0,0,0,11,0,13,0,0,0,3,4,0,0,7,8,0,0,0,0,0,14,1,2,3,4,5,0,7,8,0,0,11,0,13,14,0,0,0,1,0,0,0,0,1,0,0,0,0,0,0,0,1,0
367,1,199,177,32,1,2,0,0,5,0,0,0,0,0,11,0,13,0,0,0,3,4,0,0,7,8,0,0,0,12,0,14,1,2,3,4,5,0,7,8,0,0,11,12,13,14,0,0,0,1,0,0,0,0,1,0,0,0,0,0,0,0,1,0
368,1,199,179,42,1,2,0,0,5,0,0,0,0,0,11,0,13,0,0,0,3,4,0,6,7,8,0,0,0,0,0,14,1,2,3,4,5,6,7,8,0,0,11,0,13,14,0,0,0,1,0,0,0,0,1,0,0,0,0,0,0,0,1,0
369,1,199,181,41,1,2,0,0,5,0,0,0,0,0,11,0,13,0,0,0,3,4,0,0,7,8,9,0,0,0,0,14,1,2,3,4,5,0,7,8,9,0,11,0,13,14,0,0,0,1,0,0,0,0,1,0,0,0,0,0,0,0,1,0
370,1,199,126,18,1,2,0,0,5,0,0,0,0,0,11,0,13,0,0,0,3,4,0,6,7,8,9,0,0,12,0,14,1,2,3,4,5,6,7,8,9,0,11,12,13,14,0,0,0,1,0,0,0,0,1,0,0,0,0,0,0,0,1,0
371,1,199,111,17,1,2,0,0,5,0,0,0,0,0,11,0,13,0,0,0,3,4,0,6,7,8,0,10,0,12,0,14,1,2,3,4,5,6,7,8,0,10,11,12,13,14,0,0,0,1,0,0,0,0,1,0,0,0,0,0,0,0,1,0
372,1,199,157,26,1,2,0,0,5,0,0,0,0,0,11,0,13,0,0,0,3,4,0,6,7,8,0,10,0,0,0,14,1,2,3,4,5,6,7,8,0,10,11,0,13,14,0,0,0,1,0,0,0,0,1,0,0,0,0,0,0,0,1,0
373,1,199,132,19,1,2,0,0,5,0,0,0,0,0,11,0,13,0,0,0,3,4,0,6,7,8,9,10,0,0,0,14,1,2,3,4,5,6,7,8,9,10,11,0,13,14,0,0,0,1,0,0,0,0,1,0,0,0,0,0,0,0,1,0
374,1,199,160,28,1,2,0,0,5,0,0,0,0,0,11,0,13,0,0,0,3,4,0,6,7,8,9,0,0,0,0,14,1,2,3,4,5,6,7,8,9,0,11,0,13,14,0,0,0,1,0,0,0,0,1,0,0,0,0,0,0,0,1,0
375,1,199,96,15,1,2,0,0,5,0,0,0,0,0,11,0,13,0,0,0,3,4,0,6,7,8,9,10,0,12,0,14,1,2,3,4,5,6,7,8,9,10,11,12,13,14,0,0,0,1,0,0,0,0,1,0,0,0,0,0,0,0,1,0
376,1,199,155,25,1,2,0,0,5,0,0,0,0,0,11,0,13,0,0,0,3,4,0,0,7,8,9,0,0,12,0,14,1,2,3,4,5,0,7,8,9,0,11,12,13,14,0,0,0,1,0,0,0,0,1,0,0,0,0,0,0,0,1,0
377,1,199,151,23,1,2,0,0,5,0,0,0,0,0,11,0,13,0,0,0,3,4,0,6,7,8,0,0,0,12,0,14,1,2,3,4,5,6,7,8,0,0,11,12,13,14,0,0,0,1,0,0,0,0,1,0,0,0,0,0,0,0,1,0
378,1,204,199,73,0,0,0,0,0,6,0,0,9,0,0,12,0,14,1,2,0,0,5,0,0,0,0,0,11,0,13,0,1,2,0,0,5,6,0,0,9,0,11,12,13,14,0,0,0,1,0,0,0,0,1,0,0,0,0,0,0,0,1,0
379,1,204,215,101,0,0,0,0,0,6,0,0,9,0,0,12,0,14,0,2,0,0,5,0,0,0,0,0,11,0,13,0,0,2,0,0,5,6,0,0,9,0,11,12,13,14,0,0,0,1,0,0,0,0,1,0,0,0,0,0,0,0,1,0
380,1,215,181,58,0,2,0,0,5,0,0,0,0,0,11,0,13,0,0,0,3,4,0,0,7,8,9,0,0,0,0,14,0,2,3,4,5,0,7,8,9,0,11,0,13,14,0,0,0,1,0,0,0,0,1,0,0,0,0,0,0,0,1,0
381,1,215,179,59,0,2,0,0,5,0,0,0,0,0,11,0,13,0,0,0,3,4,0,6,7,8,0,0,0,0,0,14,0,2,3,4,5,6,7,8,0,0,11,0,13,14,0,0,0,1,0,0,0,0,1,0,0,0,0,0,0,0,1,0
382,1,215,96,16,0,2,0,0,5,0,0,0,0,0,11,0,13,0,0,0,3,4,0,6,7,8,9,10,0,12,0,14,0,2,3,4,5,6,7,8,9,10,11,12,13,14,0,0,0,1,0,0,0,0,1,0,0,0,0,0,0,0,1,0
383,1,215,177,51,0,2,0,0,5,0,0,0,0,0,11,0,13,0,0,0,3,4,0,0,7,8,0,0,0,12,0,14,0,2,3,4,5,0,7,8,0,0,11,12,13,14,0,0,0,1,0,0,0,0,1,0,0,0,0,0,0,0,1,0
384,1,215,160,36,0,2,0,0,5,0,0,0,0,0,11,0,13,0,0,0,3,4,0,6,7,8,9,0,0,0,0,14,0,2,3,4,5,6,7,8,9,0,11,0,13,14,0,0,0,1,0,0,0,0,1,0,0,0,0,0,0,0,1,0
385,1,215,151,34,0,2,0,0,5,0,0,0,0,0,11,0,13,0,0,0,3,4,0,6,7,8,0,0,0,12,0,14,0,2,3,4,5,6,7,8,0,0,11,12,13,14,0,0,0,1,0,0,0,0,1,0,0,0,0,0,0,0,1,0
386,1,215,155,30,0,2,0,0,5,0,0,0,0,0,11,0,13,0,0,0,3,4,0,0,7,8,9,0,0,12,0,14,0,2,3,4,5,0,7,8,9,0,11,12,13,14,0,0,0,1,0,0,0,0,1,0,0,0,0,0,0,0,1,0
387,1,215,111,20,0,2,0,0,5,0,0,0,0,0,11,0,13,0,0,0,3,4,0,6,7,8,0,10,0,12,0,14,0,2,3,4,5,6,7,8,0,10,11,12,13,14,0,0,0,1,0,0,0,0,1,0,0,0,0,0,0,0,1,0
388,1,215,132,27,0,2,0,0,5,0,0,0,0,0,11,0,13,0,0,0,3,4,0,6,7,8,9,10,0,0,0,14,0,2,3,4,5,6,7,8,9,10,11,0,13,14,0,0,0,1,0,0,0,0,1,0,0,0,0,0,0,0,1,0
389,1,215,126,21,0,2,0,0,5,0,0,0,0,0,11,0,13,0,0,0,3,4,0,6,7,8,9,0,0,12,0,14,0,2,3,4,5,6,7,8,9,0,11,12,13,14,0,0,0,1,0,0,0,0,1,0,0,0,0,0,0,0,1,0
390,1,215,198,72,0,2,0,0,5,0,0,0,0,0,11,0,13,0,0,0,3,4,0,0,7,8,0,0,0,0,0,14,0,2,3,4,5,0,7,8,0,0,11,0,13,14,0,0,0,1,0,0,0,0,1,0,0,0,0,0,0,0,1,0
391,1,215,157,35,0,2,0,0,5,0,0,0,0,0,11,0,13,0,0,0,3,4,0,6,7,8,0,10,0,0,0,14,0,2,3,4,5,6,7,8,0,10,11,0,13,14,0,0,0,1,0,0,0,0,1,0,0,0,0,0,0,0,1,0
392,1,218,215,133,0,0,0,0,0,0,0,0,9,0,0,12,0,14,0,2,0,0,5,0,0,0,0,0,11,0,13,0,0,2,0,0,5,0,0,0,9,0,11,12,13,14,0,0,0,1,0,0,0,0,1,0,0,0,0,0,0,0,1,0
393,1,218,199,102,0,0,0,0,0,0,0,0,9,0,0,12,0,14,1,2,0,0,5,0,0,0,0,0,11,0,13,0,1,2,0,0,5,0,0,0,9,0,11,12,13,14,0,0,0,1,0,0,0,0,1,0,0,0,0,0,0,0,1,0
394,1,222,199,106,0,0,0,0,0,6,0,0,0,0,0,12,0,14,1,2,0,0,5,0,0,0,0,0,11,0,13,0,1,2,0,0,5,6,0,0,0,0,11,12,13,14,0,0,0,1,0,0,0,0,1,0,0,0,0,0,0,0,1,0
395,1,222,215,137,0,0,0,0,0,6,0,0,0,0,0,12,0,14,0,2,0,0,5,0,0,0,0,0,11,0,13,0,0,2,0,0,5,6,0,0,0,0,11,12,13,14,0,0,0,1,0,0,0,0,1,0,0,0,0,0,0,0,1,0
396,1,225,199,107,0,0,0,0,0,6,0,0,9,0,0,0,0,14,1,2,0,0,5,0,0,0,0,0,11,0,13,0,1,2,0,0,5,6,0,0,9,0,11,0,13,14,0,0,0,1,0,0,0,0,1,0,0,0,0,0,0,0,1,0
397,1,225,215,136,0,0,0,0,0,6,0,0,9,0,0,0,0,14,0,2,0,0,5,0,0,0,0,0,11,0,13,0,0,2,0,0,5,6,0,0,9,0,11,0,13,14,0,0,0,1,0,0,0,0,1,0,0,0,0,0,0,0,1,0
398,1,227,225,165,0,2,0,0,5,0,0,0,0,0,11,0,0,0,0,0,0,0,0,6,0,0,9,0,0,0,0,14,0,2,0,0,5,6,0,0,9,0,11,0,0,14,0,0,0,1,0,0,0,0,1,0,0,0,0,0,0,0,1,0
399,1,227,222,174,0,2,0,0,5,0,0,0,0,0,11,0,0,0,0,0,0,0,0,6,0,0,0,0,0,12,0,14,0,2,0,0,5,6,0,0,0,0,11,12,0,14,0,0,0,1,0,0,0,0,1,0,0,0,0,0,0,0,1,0
400,1,227,96,24,0,2,0,0,5,0,0,0,0,0,11,0,0,0,0,0,3,4,0,6,7,8,9,10,0,12,0,14,0,2,3,4,5,6,7,8,9,10,11,12,0,14,0,0,0,1,0,0,0,0,1,0,0,0,0,0,0,0,1,0
401,1,227,218,173,0,2,0,0,5,0,0,0,0,0,11,0,0,0,0,0,0,0,0,0,0,0,9,0,0,12,0,14,0,2,0,0,5,0,0,0,9,0,11,12,0,14,0,0,0,1,0,0,0,0,1,0,0,0,0,0,0,0,1,0
402,1,227,132,44,0,2,0,0,5,0,0,0,0,0,11,0,0,0,0,0,3,4,0,6,7,8,9,10,0,0,0,14,0,2,3,4,5,6,7,8,9,10,11,0,0,14,0,0,0,1,0,0,0,0,1,0,0,0,0,0,0,0,1,0
403,1,227,111,43,0,2,0,0,5,0,0,0,0,0,11,0,0,0,0,0,3,4,0,6,7,8,0,10,0,12,0,14,0,2,3,4,5,6,7,8,0,10,11,12,0,14,0,0,0,1,0,0,0,0,1,0,0,0,0,0,0,0,1,0
404,1,227,204,143,0,2,0,0,5,0,0,0,0,0,11,0,0,0,0,0,0,0,0,6,0,0,9,0,0,12,0,14,0,2,0,0,5,6,0,0,9,0,11,12,0,14,0,0,0,1,0,0,0,0,1,0,0,0,0,0,0,0,1,0
405,1,227,126,40,0,2,0,0,5,0,0,0,0,0,11,0,0,0,0,0,3,4,0,6,7,8,9,0,0,12,0,14,0,2,3,4,5,6,7,8,9,0,11,12,0,14,0,0,0,1,0,0,0,0,1,0,0,0,0,0,0,0,1,0
406,1,227,198,131,0,2,0,0,5,0,0,0,0,0,11,0,0,0,0,0,3,4,0,0,7,8,0,0,0,0,0,14,0,2,3,4,5,0,7,8,0,0,11,0,0,14,0,0,0,1,0,0,0,0,1,0,0,0,0,0,0,0,1,0
407,1,227,179,98,0,2,0,0,5,0,0,0,0,0,11,0,0,0,0,0,3,4,0,6,7,8,0,0,0,0,0,14,0,2,3,4,5,6,7,8,0,0,11,0,0,14,0,0,0,1,0,0,0,0,1,0,0,0,0,0,0,0,1,0
408,1,227,181,99,0,2,0,0,5,0,0,0,0,0,11,0,0,0,0,0,3,4,0,0,7,8,9,0,0,0,0,14,0,2,3,4,5,0,7,8,9,0,11,0,0,14,0,0,0,1,0,0,0,0,1,0,0,0,0,0,0,0,1,0
409,1,227,151,68,0,2,0,0,5,0,0,0,0,0,11,0,0,0,0,0,3,4,0,6,7,8,0,0,0,12,0,14,0,2,3,4,5,6,7,8,0,0,11,12,0,14,0,0,0,1,0,0,0,0,1,0,0,0,0,0,0,0,1,0
410,1,227,160,67,0,2,0,0,5,0,0,0,0,0,11,0,0,0,0,0,3,4,0,6,7,8,9,0,0,0,0,14,0,2,3,4,5,6,7,8,9,0,11,0,0,14,0,0,0,1,0,0,0,0,1,0,0,0,0,0,0,0,1,0
411,1,227,155,65,0,2,0,0,5,0,0,0,0,0,11,0,0,0,0,0,3,4,0,0,7,8,9,0,0,12,0,14,0,2,3,4,5,0,7,8,9,0,11,12,0,14,0,0,0,1,0,0,0,0,1,0,0,0,0,0,0,0,1,0
412,1,227,177,80,0,2,0,0,5,0,0,0,0,0,11,0,0,0,0,0,3,4,0,0,7,8,0,0,0,12,0,14,0,2,3,4,5,0,7,8,0,0,11,12,0,14,0,0,0,1,0,0,0,0,1,0,0,0,0,0,0,0,1,0
413,1,227,157,64,0,2,0,0,5,0,0,0,0,0,11,0,0,0,0,0,3,4,0,6,7,8,0,10,0,0,0,14,0,2,3,4,5,6,7,8,0,10,11,0,0,14,0,0,0,1,0,0,0,0,1,0,0,0,0,0,0,0,1,0
414,1,228,215,161,0,0,0,0,0,0,0,0,0,0,0,12,0,14,0,2,0,0,5,0,0,0,0,0,11,0,13,0,0,2,0,0,5,0,0,0,0,0,11,12,13,14,0,0,0,1,0,0,0,0,1,0,0,0,0,0,0,0,1,0
415,1,228,227,184,0,0,0,0,0,0,0,0,0,0,0,12,0,14,0,2,0,0,5,0,0,0,0,0,11,0,0,0,0,2,0,0,5,0,0,0,0,0,11,12,0,14,0,0,0,1,0,0,0,0,1,0,0,0,0,0,0,0,1,0
416,1,228,199,140,0,0,0,0,0,0,0,0,0,0,0,12,0,14,1,2,0,0,5,0,0,0,0,0,11,0,13,0,1,2,0,0,5,0,0,0,0,0,11,12,13,14,0,0,0,1,0,0,0,0,1,0,0,0,0,0,0,0,1,0
417,1,230,215,163,0,0,0,0,0,0,0,0,9,0,0,0,0,14,0,2,0,0,5,0,0,0,0,0,11,0,13,0,0,2,0,0,5,0,0,0,9,0,11,0,13,14,0,0,0,1,0,0,0,0,1,0,0,0,0,0,0,0,1,0
418,1,230,199,138,0,0,0,0,0,0,0,0,9,0,0,0,0,14,1,2,0,0,5,0,0,0,0,0,11,0,13,0,1,2,0,0,5,0,0,0,9,0,11,0,13,14,0,0,0,1,0,0,0,0,1,0,0,0,0,0,0,0,1,0
419,1,230,227,192,0,0,0,0,0,0,0,0,9,0,0,0,0,14,0,2,0,0,5,0,0,0,0,0,11,0,0,0,0,2,0,0,5,0,0,0,9,0,11,0,0,14,0,0,0,1,0,0,0,0,1,0,0,0,0,0,0,0,1,0
420,1,232,199,139,0,0,0,0,0,6,0,0,0,0,0,0,0,14,1,2,0,0,5,0,0,0,0,0,11,0,13,0,1,2,0,0,5,6,0,0,0,0,11,0,13,14,0,0,0,1,0,0,0,0,1,0,0,0,0,0,0,0,1,0
421,1,232,215,166,0,0,0,0,0,6,0,0,0,0,0,0,0,14,0,2,0,0,5,0,0,0,0,0,11,0,13,0,0,2,0,0,5,6,0,0,0,0,11,0,13,14,0,0,0,1,0,0,0,0,1,0,0,0,0,0,0,0,1,0
422,1,232,227,194,0,0,0,0,0,6,0,0,0,0,0,0,0,14,0,2,0,0,5,0,0,0,0,0,11,0,0,0,0,2,0,0,5,6,0,0,0,0,11,0,0,14,0,0,0,1,0,0,0,0,1,0,0,0,0,0,0,0,1,0
423,1,234,68,23,1,0,0,0,0,0,0,0,0,0,0,0,13,0,0,2,3,4,5,6,7,8,0,0,11,12,0,14,1,2,3,4,5,6,7,8,0,0,11,12,13,14,0,0,1,0,0,0,0,0,0,0,0,0,0,0,0,1,0,0
424,1,234,131,54,1,0,0,0,0,0,0,0,0,0,0,0,13,0,0,2,3,4,5,0,7,8,0,0,11,0,0,14,1,2,3,4,5,0,7,8,0,0,11,0,13,14,0,0,1,0,0,0,0,0,0,0,0,0,0,0,0,1,0,0
425,1,234,67,28,1,0,0,0,0,0,0,0,0,0,0,0,13,0,0,2,3,4,5,6,7,8,9,0,11,0,0,14,1,2,3,4,5,6,7,8,9,0,11,0,13,14,0,0,1,0,0,0,0,0,0,0,0,0,0,0,0,1,0,0
426,1,234,143,73,1,0,0,0,0,0,0,0,0,0,0,0,13,0,0,2,0,0,5,6,0,0,9,0,11,12,0,14,1,2,0,0,5,6,0,0,9,0,11,12,13,14,0,0,1,0,0,0,0,0,0,0,0,0,0,0,0,1,0,0
427,1,234,192,138,1,0,0,0,0,0,0,0,0,0,0,0,13,0,0,2,0,0,5,0,0,0,9,0,11,0,0,14,1,2,0,0,5,0,0,0,9,0,11,0,13,14,0,0,1,0,0,0,0,0,0,0,0,0,0,0,0,1,0,0
428,1,234,227,199,1,0,0,0,0,0,0,0,0,0,0,0,13,0,0,2,0,0,5,0,0,0,0,0,11,0,0,0,1,2,0,0,5,0,0,0,0,0,11,0,13,0,0,0,1,0,0,0,0,0,0,0,0,0,0,0,0,1,0,0
429,1,234,194,139,1,0,0,0,0,0,0,0,0,0,0,0,13,0,0,2,0,0,5,6,0,0,0,0,11,0,0,14,1,2,0,0,5,6,0,0,0,0,11,0,13,14,0,0,1,0,0,0,0,0,0,0,0,0,0,0,0,1,0,0
430,1,234,24,15,1,0,0,0,0,0,0,0,0,0,0,0,13,0,0,2,3,4,5,6,7,8,9,10,11,12,0,14,1,2,3,4,5,6,7,8,9,10,11,12,13,14,0,0,1,0,0,0,0,0,0,0,0,0,0,0,0,1,0,0
431,1,234,44,19,1,0,0,0,0,0,0,0,0,0,0,0,13,0,0,2,3,4,5,6,7,8,9,10,11,0,0,14,1,2,3,4,5,6,7,8,9,10,11,0,13,14,0,0,1,0,0,0,0,0,0,0,0,0,0,0,0,1,0,0
432,1,234,40,18,1,0,0,0,0,0,0,0,0,0,0,0,13,0,0,2,3,4,5,6,7,8,9,0,11,12,0,14,1,2,3,4,5,6,7,8,9,0,11,12,13,14,0,0,1,0,0,0,0,0,0,0,0,0,0,0,0,1,0,0
433,1,234,184,140,1,0,0,0,0,0,0,0,0,0,0,0,13,0,0,2,0,0,5,0,0,0,0,0,11,12,0,14,1,2,0,0,5,0,0,0,0,0,11,12,13,14,0,0,1,0,0,0,0,0,0,0,0,0,0,0,0,1,0,0
434,1,234,43,17,1,0,0,0,0,0,0,0,0,0,0,0,13,0,0,2,3,4,5,6,7,8,0,10,11,12,0,14,1,2,3,4,5,6,7,8,0,10,11,12,13,14,0,0,1,0,0,0,0,0,0,0,0,0,0,0,0,1,0,0
435,1,234,98,42,1,0,0,0,0,0,0,0,0,0,0,0,13,0,0,2,3,4,5,6,7,8,0,0,11,0,0,14,1,2,3,4,5,6,7,8,0,0,11,0,13,14,0,0,1,0,0,0,0,0,0,0,0,0,0,0,0,1,0,0
436,1,234,165,107,1,0,0,0,0,0,0,0,0,0,0,0,13,0,0,2,0,0,5,6,0,0,9,0,11,0,0,14,1,2,0,0,5,6,0,0,9,0,11,0,13,14,0,0,1,0,0,0,0,0,0,0,0,0,0,0,0,1,0,0
437,1,234,174,106,1,0,0,0,0,0,0,0,0,0,0,0,13,0,0,2,0,0,5,6,0,0,0,0,11,12,0,14,1,2,0,0,5,6,0,0,0,0,11,12,13,14,0,0,1,0,0,0,0,0,0,0,0,0,0,0,0,1,0,0
438,1,234,64,26,1,0,0,0,0,0,0,0,0,0,0,0,13,0,0,2,3,4,5,6,7,8,0,10,11,0,0,14,1,2,3,4,5,6,7,8,0,10,11,0,13,14,0,0,1,0,0,0,0,0,0,0,0,0,0,0,0,1,0,0
439,1,234,80,32,1,0,0,0,0,0,0,0,0,0,0,0,13,0,0,2,3,4,5,0,7,8,0,0,11,12,0,14,1,2,3,4,5,0,7,8,0,0,11,12,13,14,0,0,1,0,0,0,0,0,0,0,0,0,0,0,0,1,0,0
440,1,234,99,41,1,0,0,0,0,0,0,0,0,0,0,0,13,0,0,2,3,4,5,0,7,8,9,0,11,0,0,14,1,2,3,4,5,0,7,8,9,0,11,0,13,14,0,0,1,0,0,0,0,0,0,0,0,0,0,0,0,1,0,0
441,1,234,206,172,1,0,0,0,0,0,0,0,0,0,0,0,13,0,0,2,0,0,5,0,0,0,0,0,11,0,0,14,1,2,0,0,5,0,0,0,0,0,11,0,13,14,0,0,1,0,0,0,0,0,0,0,0,0,0,0,0,1,0,0
442,1,234,65,25,1,0,0,0,0,0,0,0,0,0,0,0,13,0,0,2,3,4,5,0,7,8,9,0,11,12,0,14,1,2,3,4,5,0,7,8,9,0,11,12,13,14,0,0,1,0,0,0,0,0,0,0,0,0,0,0,0,1,0,0
443,1,234,173,102,1,0,0,0,0,0,0,0,0,0,0,0,13,0,0,2,0,0,5,0,0,0,9,0,11,12,0,14,1,2,0,0,5,0,0,0,9,0,11,12,13,14,0,0,1,0,0,0,0,0,0,0,0,0,0,0,0,1,0,0
444,1,235,54,26,0,0,0,0,0,6,0,0,0,10,0,0,0,0,1,2,3,4,5,0,7,8,0,0,11,0,13,14,1,2,3,4,5,6,7,8,0,10,11,0,13,14,0,0,0,0,0,0,0,0,0,0,1,0,0,0,1,0,0,0
445,1,235,72,35,0,0,0,0,0,6,0,0,0,10,0,0,0,0,0,2,3,4,5,0,7,8,0,0,11,0,13,14,0,2,3,4,5,6,7,8,0,10,11,0,13,14,0,0,0,0,0,0,0,0,0,0,1,0,0,0,1,0,0,0
446,1,235,80,43,0,0,0,0,0,6,0,0,0,10,0,0,0,0,0,2,3,4,5,0,7,8,0,0,11,12,0,14,0,2,3,4,5,6,7,8,0,10,11,12,0,14,0,0,0,0,0,0,0,0,0,0,1,0,0,0,1,0,0,0
447,1,235,51,20,0,0,0,0,0,6,0,0,0,10,0,0,0,0,0,2,3,4,5,0,7,8,0,0,11,12,13,14,0,2,3,4,5,6,7,8,0,10,11,12,13,14,0,0,0,0,0,0,0,0,0,0,1,0,0,0,1,0,0,0
448,1,235,65,24,0,0,0,0,0,6,0,0,0,10,0,0,0,0,0,2,3,4,5,0,7,8,9,0,11,12,0,14,0,2,3,4,5,6,7,8,9,10,11,12,0,14,0,0,0,0,0,0,0,0,0,0,1,0,0,0,1,0,0,0
449,1,235,25,15,0,0,0,0,0,6,0,0,0,10,0,0,0,0,1,2,3,4,5,0,7,8,9,0,11,12,13,14,1,2,3,4,5,6,7,8,9,10,11,12,13,14,0,0,0,0,0,0,0,0,0,0,1,0,0,0,1,0,0,0
450,1,235,58,27,0,0,0,0,0,6,0,0,0,10,0,0,0,0,0,2,3,4,5,0,7,8,9,0,11,0,13,14,0,2,3,4,5,6,7,8,9,10,11,0,13,14,0,0,0,0,0,0,0,0,0,0,1,0,0,0,1,0,0,0
451,1,235,198,157,0,0,0,0,0,6,0,0,0,10,0,0,0,0,0,0,3,4,0,0,7,8,0,0,0,0,0,14,0,0,3,4,0,6,7,8,0,10,0,0,0,14,0,0,0,0,0,0,0,0,0,0,1,0,0,0,1,0,0,0
452,1,235,155,96,0,0,0,0,0,6,0,0,0,10,0,0,0,0,0,0,3,4,0,0,7,8,9,0,0,12,0,14,0,0,3,4,0,6,7,8,9,10,0,12,0,14,0,0,0,0,0,0,0,0,0,0,1,0,0,0,1,0,0,0
453,1,235,41,19,0,0,0,0,0,6,0,0,0,10,0,0,0,0,1,2,3,4,5,0,7,8,9,0,11,0,13,14,1,2,3,4,5,6,7,8,9,10,11,0,13,14,0,0,0,0,0,0,0,0,0,0,1,0,0,0,1,0,0,0
454,1,235,177,111,0,0,0,0,0,6,0,0,0,10,0,0,0,0,0,0,3,4,0,0,7,8,0,0,0,12,0,14,0,0,3,4,0,6,7,8,0,10,0,12,0,14,0,0,0,0,0,0,0,0,0,0,1,0,0,0,1,0,0,0
455,1,235,181,132,0,0,0,0,0,6,0,0,0,10,0,0,0,0,0,0,3,4,0,0,7,8,9,0,0,0,0,14,0,0,3,4,0,6,7,8,9,10,0,0,0,14,0,0,0,0,0,0,0,0,0,0,1,0,0,0,1,0,0,0
456,1,235,131,64,0,0,0,0,0,6,0,0,0,10,0,0,0,0,0,2,3,4,5,0,7,8,0,0,11,0,0,14,0,2,3,4,5,6,7,8,0,10,11,0,0,14,0,0,0,0,0,0,0,0,0,0,1,0,0,0,1,0,0,0
457,1,235,99,44,0,0,0,0,0,6,0,0,0,10,0,0,0,0,0,2,3,4,5,0,7,8,9,0,11,0,0,14,0,2,3,4,5,6,7,8,9,10,11,0,0,14,0,0,0,0,0,0,0,0,0,0,1,0,0,0,1,0,0,0
458,1,235,32,17,0,0,0,0,0,6,0,0,0,10,0,0,0,0,1,2,3,4,5,0,7,8,0,0,11,12,13,14,1,2,3,4,5,6,7,8,0,10,11,12,13,14,0,0,0,0,0,0,0,0,0,0,1,0,0,0,1,0,0,0
459,1,235,30,16,0,0,0,0,0,6,0,0,0,10,0,0,0,0,0,2,3,4,5,0,7,8,9,0,11,12,13,14,0,2,3,4,5,6,7,8,9,10,11,12,13,14,0,0,0,0,0,0,0,0,0,0,1,0,0,0,1,0,0,0
